OTU,Kingdom,Phylum,Class,Order,Family,Genus
OTU1,k__Fungi,p__Ascomycota,c__Dothideomycetes,o__Pleosporales,f__Pleosporales_fam_Incertae_sedis,g__Aaosphaeria
OTU2,k__Fungi,p__Mucoromycota,c__Mucoromycetes,o__Mucorales,f__Cunninghamellaceae,g__Absidia
OTU3,k__Fungi,p__Ascomycota,c__Sordariomycetes,o__Microascales,f__Microascaceae,g__Acaulium
OTU4,k__Fungi,p__Ascomycota,c__Sordariomycetes,o__Sordariales,f__Chaetomiaceae,g__Achaetomium
OTU5,k__Fungi,p__Ascomycota,c__Sordariomycetes,o__Pisorisporiales,f__Pisorisporiaceae,g__Achroceratosphaeria
OTU6,k__Fungi,p__Ascomycota,c__Sordariomycetes,o__Hypocreales,f__Stachybotryaceae,g__Achroiostachys
OTU7,k__Fungi,p__Ascomycota,c__Eurotiomycetes,o__Eurotiales,f__Trichocomaceae,g__Acidotalaromyces
OTU8,k__Fungi,p__Ascomycota,c__Sordariomycetes,o__Hypocreales,f__Hypocreales_fam_Incertae_sedis,g__Acremonium
OTU9,k__Fungi,p__Ascomycota,c__Dothideomycetes,o__Mycosphaerellales,f__Mycosphaerellaceae,g__Acrodontium
OTU10,k__Fungi,p__Ascomycota,c__Sordariomycetes,o__Sordariales,f__Chaetomiaceae,g__Acrophialophora
OTU11,k__Fungi,p__Ascomycota,c__Sordariomycetes,o__Glomerellales,f__Plectosphaerellaceae,g__Acrostalagmus
OTU12,k__Fungi,p__Mucoromycota,c__Mucoromycetes,o__Mucorales,f__Mucoraceae,g__Actinomucor
OTU13,k__Fungi,p__Basidiomycota,c__Agaricomycetes,o__Agaricales,f__Agaricaceae,g__Agaricus
OTU14,k__Fungi,p__Basidiomycota,c__Agaricomycetes,o__Agaricales,f__Strophariaceae,g__Agrocybe
OTU15,k__Fungi,p__Basidiomycota,c__Agaricomycetes,o__Agaricomycetes_ord_Incertae_sedis,f__Agaricomycetes_fam_Incertae_sedis,g__Akenomyces
OTU16,k__Fungi,p__Ascomycota,c__Sordariomycetes,o__Hypocreales,f__Stachybotryaceae,g__Alfaria
OTU17,k__Fungi,p__Ascomycota,c__Dothideomycetes,o__Pleosporales,f__Amorosiaceae,g__Alfoldia
OTU18,k__Fungi,p__Ascomycota,c__Dothideomycetes,o__Pleosporales,f__Leptosphaeriaceae,g__Alloleptosphaeria
OTU19,k__Fungi,p__Ascomycota,c__Dothideomycetes,o__Pleosporales,f__Pleosporaceae,g__Alternaria
OTU20,k__Fungi,p__Basidiomycota,c__Agaricomycetes,o__Agaricales,f__Amanitaceae,g__Amanita
OTU21,k__Fungi,p__Ascomycota,c__Eurotiomycetes,o__Onygenales,f__Onygenaceae,g__Amauroascus
OTU22,k__Fungi,p__Glomeromycota,c__Archaeosporomycetes,o__Archaeosporales,f__Ambisporaceae,g__Ambispora
OTU23,k__Fungi,p__Ascomycota,c__Pezizomycotina_cls_Incertae_sedis,o__Pezizomycotina_ord_Incertae_sedis,f__Pezizomycotina_fam_Incertae_sedis,g__Amblyosporium
OTU24,k__Fungi,p__Ascomycota,c__Dothideomycetes,o__Pleosporales,f__Amniculicolaceae,g__Amniculicola
OTU25,k__Fungi,p__Ascomycota,c__Dothideomycetes,o__Pleosporales,f__Amorosiaceae,g__Amorocoelophoma
OTU26,k__Fungi,p__Ascomycota,c__Sordariomycetes,o__Hypocreales,f__Cordycipitaceae,g__Amphichorda
OTU27,k__Fungi,p__Ascomycota,c__Leotiomycetes,o__Helotiales,f__Helotiaceae,g__Anguillospora
OTU28,k__Fungi,p__Ascomycota,c__Dothideomycetes,o__Pleosporales,f__Amorosiaceae,g__Angustimassarina
OTU29,k__Fungi,p__Ascomycota,c__Leotiomycetes,o__Thelebolales,f__Thelebolaceae,g__Antarctomyces
OTU30,k__Fungi,p__Ascomycota,c__Sordariomycetes,o__Xylariales,f__Xylariaceae,g__Anthostomella
OTU31,k__Fungi,p__Ascomycota,c__Eurotiomycetes,o__Onygenales,f__Onygenaceae,g__Aphanoascus
OTU32,k__Fungi,p__Ascomycota,c__Leotiomycetes,o__Leotiomycetes_ord_Incertae_sedis,f__Leotiomycetes_fam_Incertae_sedis,g__Apiculospora
OTU33,k__Fungi,p__Ascomycota,c__Sordariomycetes,o__Xylariales,f__Apiosporaceae,g__Apiospora
OTU34,k__Fungi,p__Basidiomycota,c__Tremellomycetes,o__Trichosporonales,f__Trichosporonaceae,g__Apiotrichum
OTU35,k__Fungi,p__Ascomycota,c__Sordariomycetes,o__Sordariales,f__Lasiosphaeriaceae,g__Apodus
OTU36,k__Fungi,p__Ascomycota,c__Pezizomycetes,o__Pezizales,f__Pezizaceae,g__Aquapeziza
OTU37,k__Fungi,p__Ascomycota,c__Eurotiomycetes,o__Onygenales,f__Gymnoascaceae,g__Arachniotus
OTU38,k__Fungi,p__Ascomycota,c__Eurotiomycetes,o__Onygenales,f__Arachnomycetaceae,g__Arachnomyces
OTU39,k__Fungi,p__Glomeromycota,c__Archaeosporomycetes,o__Archaeosporales,f__Archaeosporaceae,g__Archaeospora
OTU40,k__Fungi,p__Ascomycota,c__Pezizomycotina_cls_Incertae_sedis,o__Pezizomycotina_ord_Incertae_sedis,f__Pezizomycotina_fam_Incertae_sedis,g__Arcuadendron
OTU41,k__Fungi,p__Ascomycota,c__Orbiliomycetes,o__Orbiliales,f__Orbiliaceae,g__Arthrobotrys
OTU42,k__Fungi,p__Ascomycota,c__Eurotiomycetes,o__Onygenales,f__Arthrodermataceae,g__Arthroderma
OTU43,k__Fungi,p__Ascomycota,c__Dothideomycetes,o__Dothideomycetes_ord_Incertae_sedis,f__Eremomycetaceae,g__Arthrographis
OTU44,k__Fungi,p__Ascomycota,c__Eurotiomycetes,o__Onygenales,f__Onygenales_fam_Incertae_sedis,g__Arthropsis
OTU45,k__Fungi,p__Ascomycota,c__Leotiomycetes,o__Helotiales,f__Helotiaceae,g__Articulospora
OTU46,k__Fungi,p__Ascomycota,c__Sordariomycetes,o__Magnaporthales,f__Magnaporthaceae,g__Arxiella
OTU47,k__Fungi,p__Ascomycota,c__Pezizomycetes,o__Pezizales,f__Ascobolaceae,g__Ascobolus
OTU48,k__Fungi,p__Ascomycota,c__Pezizomycetes,o__Pezizales,f__Ascodesmidaceae,g__Ascodesmis
OTU49,k__Fungi,p__Ascomycota,c__Eurotiomycetes,o__Eurotiales,f__Trichocomaceae,g__Ascospirella
OTU50,k__Fungi,p__Ascomycota,c__Eurotiomycetes,o__Eurotiales,f__Aspergillaceae,g__Aspergillus
OTU51,k__Fungi,p__Basidiomycota,c__Atractiellomycetes,o__Atractiellales,f__Hoehnelomycetaceae,g__Atractiella
OTU52,k__Fungi,p__Ascomycota,c__Sordariomycetes,o__Myrmecridiales,f__Myrmecridiales_fam_Incertae_sedis,g__Atractospora
OTU53,k__Fungi,p__Ascomycota,c__Dothideomycetes,o__Pleosporales,f__Lophiotremataceae,g__Atrocalyx
OTU54,k__Fungi,p__Ascomycota,c__Dothideomycetes,o__Dothideales,f__Saccotheciaceae,g__Aureobasidium
OTU55,k__Fungi,p__Basidiomycota,c__Agaricomycetes,o__Auriculariales,f__Auriculariaceae,g__Auricularia
OTU56,k__Fungi,p__Ascomycota,c__Eurotiomycetes,o__Onygenales,f__Onygenaceae,g__Auxarthron
OTU57,k__Fungi,p__Ascomycota,c__Eurotiomycetes,o__Onygenales,f__Onygenaceae,g__Auxarthronopsis
OTU58,k__Fungi,p__Ascomycota,c__Leotiomycetes,o__Helotiales,f__Hyaloscyphaceae,g__Bactrodesmium
OTU59,k__Fungi,p__Ascomycota,c__Pezizomycotina_cls_Incertae_sedis,o__Pezizomycotina_ord_Incertae_sedis,f__Pezizomycotina_fam_Incertae_sedis,g__Badarisama
OTU60,k__Fungi,p__Basidiomycota,c__Agaricomycetes,o__Agaricales,f__Tricholomataceae,g__Baeospora
OTU61,k__Fungi,p__Ascomycota,c__Saccharomycetes,o__Saccharomycetales,f__Phaffomycetaceae,g__Barnettozyma
OTU62,k__Fungi,p__Basidiomycota,c__Geminibasidiomycetes,o__Geminibasidiales,f__Geminibasidiaceae,g__Basidioascus
OTU63,k__Fungi,p__Basidiobolomycota,c__Basidiobolomycetes,o__Basidiobolales,f__Basidiobolaceae,g__Basidiobolus
OTU64,k__Fungi,p__Ascomycota,c__Sordariomycetes,o__Hypocreales,f__Cordycipitaceae,g__Beauveria
OTU65,k__Fungi,p__Ascomycota,c__Sordariomycetes,o__Microascales,f__Ceratocystidaceae,g__Berkeleyomyces
OTU66,k__Fungi,p__Chytridiomycota,c__Rhizophydiomycetes,o__Rhizophydiales,f__Alphamycetaceae,g__Betamyces
OTU67,k__Fungi,p__Ascomycota,c__Dothideomycetes,o__Pleosporales,f__Biatriosporaceae,g__Biatriospora
OTU68,k__Fungi,p__Ascomycota,c__Sordariomycetes,o__Hypocreales,f__Bionectriaceae,g__Bionectria
OTU69,k__Fungi,p__Ascomycota,c__Dothideomycetes,o__Pleosporales,f__Pleosporaceae,g__Bipolaris
OTU70,k__Fungi,p__Ascomycota,c__Sordariomycetes,o__Xylariales,f__Graphostromataceae,g__Biscogniauxia
OTU71,k__Fungi,p__Ascomycota,c__Sordariomycetes,o__Hypocreales,f__Nectriaceae,g__Bisifusarium
OTU72,k__Fungi,p__Ascomycota,c__Leotiomycetes,o__Helotiales,f__Helotiaceae,g__Bisporella
OTU73,k__Fungi,p__Ascomycota,c__Leotiomycetes,o__Helotiales,f__Bloxamiaceae,g__Bloxamia
OTU74,k__Fungi,p__Basidiomycota,c__Agaricomycetes,o__Boletales,f__Boletaceae,g__Boletus
OTU75,k__Fungi,p__Basidiomycota,c__Agaricomycetes,o__Russulales,f__Bondarzewiaceae,g__Bondarzewia
OTU76,k__Fungi,p__Ascomycota,c__Sordariomycetes,o__Sordariales,f__Chaetomiaceae,g__Botryotrichum
OTU77,k__Fungi,p__Ascomycota,c__Leotiomycetes,o__Helotiales,f__Sclerotiniaceae,g__Botrytis
OTU78,k__Fungi,p__Ascomycota,c__Pezizomycetes,o__Pezizales,f__Pyronemataceae,g__Boubovia
OTU79,k__Fungi,p__Basidiomycota,c__Agaricomycetes,o__Agaricales,f__Lycoperdaceae,g__Bovista
OTU80,k__Fungi,p__Ascomycota,c__Orbiliomycetes,o__Orbiliales,f__Orbiliaceae,g__Brachyphoris
OTU81,k__Fungi,p__Ascomycota,c__Eurotiomycetes,o__Chaetothyriales,f__Trichomeriaceae,g__Bradymyces
OTU82,k__Fungi,p__Ascomycota,c__Leotiomycetes,o__Helotiales,f__Hyaloscyphaceae,g__Brunnipila
OTU83,k__Fungi,p__Basidiomycota,c__Cystobasidiomycetes,o__Cystobasidiomycetes_ord_Incertae_sedis,f__Buckleyzymaceae,g__Buckleyzyma
OTU84,k__Fungi,p__Basidiomycota,c__Tremellomycetes,o__Tremellales,f__Bulleraceae,g__Bullera
OTU85,k__Fungi,p__Basidiomycota,c__Agaricomycetes,o__Cantharellales,f__Hydnaceae,g__Burgoa
OTU86,k__Fungi,p__Ascomycota,c__Leotiomycetes,o__Helotiales,f__Ploettnerulaceae,g__Cadophora
OTU87,k__Fungi,p__Ascomycota,c__Leotiomycetes,o__Helotiales,f__Dermateaceae,g__Calloria
OTU88,k__Fungi,p__Ascomycota,c__Leotiomycetes,o__Helotiales,f__Hyaloscyphaceae,g__Calycellina
OTU89,k__Fungi,p__Basidiomycota,c__Agaricomycetes,o__Agaricales,f__Tricholomataceae,g__Calyptella
OTU90,k__Fungi,p__Ascomycota,c__Saccharomycetes,o__Saccharomycetales,f__Saccharomycetales_fam_Incertae_sedis,g__Candida
OTU91,k__Fungi,p__Ascomycota,c__Eurotiomycetes,o__Chaetothyriales,f__Herpotrichiellaceae,g__Capronia
OTU92,k__Fungi,p__Ascomycota,c__Eurotiomycetes,o__Onygenales,f__Onygenaceae,g__Castanedomyces
OTU93,k__Fungi,p__Ascomycota,c__Pezizomycetes,o__Pezizales,f__Ascodesmidaceae,g__Cephaliophora
OTU94,k__Fungi,p__Ascomycota,c__Sordariomycetes,o__Glomerellales,f__Plectosphaerellaceae,g__Cephalosporium
OTU95,k__Fungi,p__Ascomycota,c__Sordariomycetes,o__Microascales,f__Microascales_fam_Incertae_sedis,g__Cephalotrichiella
OTU96,k__Fungi,p__Ascomycota,c__Sordariomycetes,o__Microascales,f__Microascaceae,g__Cephalotrichum
OTU97,k__Fungi,p__Basidiomycota,c__Agaricomycetes,o__Cantharellales,f__Ceratobasidiaceae,g__Ceratobasidium
OTU98,k__Fungi,p__Ascomycota,c__Sordariomycetes,o__Sordariales,f__Lasiosphaeriaceae,g__Cercophora
OTU99,k__Fungi,p__Ascomycota,c__Dothideomycetes,o__Mycosphaerellales,f__Mycosphaerellaceae,g__Cercospora
OTU100,k__Fungi,p__Basidiomycota,c__Agaricomycetes,o__Polyporales,f__Irpicaceae,g__Ceriporia
OTU101,k__Fungi,p__Ascomycota,c__Sordariomycetes,o__Sordariales,f__Chaetomiaceae,g__Chaetomium
OTU102,k__Fungi,p__Basidiomycota,c__Agaricomycetes,o__Sebacinales,f__Sebacinaceae,g__Chaetospermum
OTU103,k__Fungi,p__Ascomycota,c__Sordariomycetes,o__Chaetosphaeriales,f__Chaetosphaeriaceae,g__Chaetosphaeria
OTU104,k__Fungi,p__Ascomycota,c__Dothideomycetes,o__Pleosporales,f__Phaeosphaeriaceae,g__Chaetosphaeronema
OTU105,k__Fungi,p__Ascomycota,c__Leotiomycetes,o__Helotiales,f__Helotiales_fam_Incertae_sedis,g__Chalara
OTU106,k__Fungi,p__Ascomycota,c__Dothideomycetes,o__Pleosporales,f__Pleosporales_fam_Incertae_sedis,g__Cheiromyces
OTU107,k__Fungi,p__Ascomycota,c__Sordariomycetes,o__Hypocreales,f__Hypocreales_fam_Incertae_sedis,g__Chlamydocillium
OTU108,k__Fungi,p__Ascomycota,c__Sordariomycetes,o__Chaetosphaeriales,f__Chaetosphaeriaceae,g__Chloridium
OTU109,k__Fungi,p__Ascomycota,c__Leotiomycetes,o__Helotiales,f__Chlorociboriaceae,g__Chlorociboria
OTU110,k__Fungi,p__Ascomycota,c__Sordariomycetes,o__Hypocreales,f__Hypocreales_fam_Incertae_sedis,g__Chlorocillium
OTU111,k__Fungi,p__Basidiomycota,c__Agaricomycetes,o__Agaricales,f__Agaricaceae,g__Chlorophyllum
OTU112,k__Fungi,p__Ascomycota,c__Sordariomycetes,o__Glomerellales,f__Plectosphaerellaceae,g__Chordomyces
OTU113,k__Fungi,p__Ascomycota,c__Eurotiomycetes,o__Onygenales,f__Onygenaceae,g__Chrysosporium
OTU114,k__Fungi,p__Ascomycota,c__Leotiomycetes,o__Helotiales,f__Hyaloscyphaceae,g__Cistella
OTU115,k__Fungi,p__Ascomycota,c__Saccharomycetes,o__Saccharomycetales,f__Saccharomycetaceae,g__Citeromyces
OTU116,k__Fungi,p__Ascomycota,c__Sordariomycetes,o__Sordariales,f__Podosporaceae,g__Cladorrhinum
OTU117,k__Fungi,p__Ascomycota,c__Dothideomycetes,o__Capnodiales,f__Cladosporiaceae,g__Cladosporium
OTU118,k__Fungi,p__Glomeromycota,c__Glomeromycetes,o__Glomerales,f__Claroideoglomeraceae,g__Claroideoglomus
OTU119,k__Fungi,p__Basidiomycota,c__Agaricomycetes,o__Phallales,f__Clathraceae,g__Clathrus
OTU120,k__Fungi,p__Ascomycota,c__Sordariomycetes,o__Microascales,f__Halosphaeriaceae,g__Clavatospora
OTU121,k__Fungi,p__Ascomycota,c__Saccharomycetes,o__Saccharomycetales,f__Metschnikowiaceae,g__Clavispora
OTU122,k__Fungi,p__Basidiomycota,c__Agaricomycetes,o__Agaricales,f__Tricholomataceae,g__Clitocybe
OTU123,k__Fungi,p__Basidiomycota,c__Agaricomycetes,o__Agaricales,f__Entolomataceae,g__Clitopilus
OTU124,k__Fungi,p__Ascomycota,c__Sordariomycetes,o__Hypocreales,f__Bionectriaceae,g__Clonostachys
OTU125,k__Fungi,p__Ascomycota,c__Sordariomycetes,o__Sordariales,f__Chaetomiaceae,g__Collariella
OTU126,k__Fungi,p__Ascomycota,c__Sordariomycetes,o__Hypocreales,f__Clavicipitaceae,g__Collarina
OTU127,k__Fungi,p__Ascomycota,c__Sordariomycetes,o__Glomerellales,f__Glomerellaceae,g__Colletotrichum
OTU128,k__Fungi,p__Ascomycota,c__Sordariomycetes,o__Diaporthales,f__Schizoparmaceae,g__Coniella
OTU129,k__Fungi,p__Ascomycota,c__Sordariomycetes,o__Coniochaetales,f__Coniochaetaceae,g__Coniochaeta
OTU130,k__Fungi,p__Ascomycota,c__Sordariomycetes,o__Xylariales,f__Xylariaceae,g__Coniolariella
OTU131,k__Fungi,p__Ascomycota,c__Sordariomycetes,o__Conioscyphales,f__Conioscyphaceae,g__Conioscypha
OTU132,k__Fungi,p__Ascomycota,c__Eurotiomycetes,o__Chaetothyriales,f__Herpotrichiellaceae,g__Coniosporium
OTU133,k__Fungi,p__Ascomycota,c__Leotiomycetes,o__Thelebolales,f__Pseudeurotiaceae,g__Connersia
OTU134,k__Fungi,p__Basidiomycota,c__Agaricomycetes,o__Agaricales,f__Bolbitiaceae,g__Conocybe
OTU135,k__Fungi,p__Basidiomycota,c__Agaricomycetes,o__Agaricales,f__Psathyrellaceae,g__Coprinellus
OTU136,k__Fungi,p__Basidiomycota,c__Agaricomycetes,o__Agaricales,f__Psathyrellaceae,g__Coprinopsis
OTU137,k__Fungi,p__Basidiomycota,c__Agaricomycetes,o__Agaricales,f__Agaricaceae,g__Coprinus
OTU138,k__Fungi,p__Ascomycota,c__Sordariomycetes,o__Sordariales,f__Sordariales_fam_Incertae_sedis,g__Cordana
OTU139,k__Fungi,p__Ascomycota,c__Sordariomycetes,o__Hypocreales,f__Cordycipitaceae,g__Cordyceps
OTU140,k__Fungi,p__Basidiomycota,c__Agaricomycetes,o__Polyporales,f__Polyporaceae,g__Coriolopsis
OTU141,k__Fungi,p__Ascomycota,c__Sordariomycetes,o__Ophiostomatales,f__Ophiostomataceae,g__Cornuvesica
OTU142,k__Fungi,p__Basidiomycota,c__Agaricomycetes,o__Agaricales,f__Pterulaceae,g__Coronicium
OTU143,k__Fungi,p__Basidiomycota,c__Agaricomycetes,o__Agaricales,f__Cortinariaceae,g__Cortinarius
OTU144,k__Fungi,p__Basidiomycota,c__Agaricomycetes,o__Agaricales,f__Crepidotaceae,g__Crepidotus
OTU145,k__Fungi,p__Ascomycota,c__Leotiomycetes,o__Helotiales,f__Helotiales_fam_Incertae_sedis,g__Cryptocline
OTU146,k__Fungi,p__Ascomycota,c__Dothideomycetes,o__Pleosporales,f__Pleosporales_fam_Incertae_sedis,g__Cryptocoryneum
OTU147,k__Fungi,p__Ascomycota,c__Sordariomycetes,o__Xylariales,f__Xylariales_fam_Incertae_sedis,g__Cryptostroma
OTU148,k__Fungi,p__Ascomycota,c__Sordariomycetes,o__Xylariales,f__Diatrypaceae,g__Cryptovalsa
OTU149,k__Fungi,p__Ascomycota,c__Eurotiomycetes,o__Onygenales,f__Arthrodermataceae,g__Ctenomyces
OTU150,k__Fungi,p__Mucoromycota,c__Mucoromycetes,o__Mucorales,f__Cunninghamellaceae,g__Cunninghamella
OTU151,k__Fungi,p__Basidiomycota,c__Microbotryomycetes,o__Microbotryomycetes_ord_Incertae_sedis,f__Microbotryomycetes_fam_Incertae_sedis,g__Curvibasidium
OTU152,k__Fungi,p__Ascomycota,c__Dothideomycetes,o__Pleosporales,f__Pleosporaceae,g__Curvularia
OTU153,k__Fungi,p__Basidiomycota,c__Tremellomycetes,o__Trichosporonales,f__Trichosporonaceae,g__Cutaneotrichosporon
OTU154,k__Fungi,p__Basidiomycota,c__Agaricomycetes,o__Polyporales,f__Polyporaceae,g__Cyanosporus
OTU155,k__Fungi,p__Basidiomycota,c__Agaricomycetes,o__Agaricales,f__Nidulariaceae,g__Cyathus
OTU156,k__Fungi,p__Ascomycota,c__Saccharomycetes,o__Saccharomycetales,f__Phaffomycetaceae,g__Cyberlindnera
OTU157,k__Fungi,p__Ascomycota,c__Sordariomycetes,o__Hypocreales,f__Nectriaceae,g__Cylindrocladiella
OTU158,k__Fungi,p__Ascomycota,c__Eurotiomycetes,o__Chaetothyriales,f__Cyphellophoraceae,g__Cyphellophora
OTU159,k__Fungi,p__Basidiomycota,c__Agaricomycetes,o__Agaricales,f__Agaricaceae,g__Cystoagaricus
OTU160,k__Fungi,p__Basidiomycota,c__Cystobasidiomycetes,o__Cystobasidiales,f__Cystobasidiaceae,g__Cystobasidium
OTU161,k__Fungi,p__Basidiomycota,c__Tremellomycetes,o__Cystofilobasidiales,f__Cystofilobasidiaceae,g__Cystofilobasidium
OTU162,k__Fungi,p__Ascomycota,c__Sordariomycetes,o__Diaporthales,f__Valsaceae,g__Cytospora
OTU163,k__Fungi,p__Ascomycota,c__Orbiliomycetes,o__Orbiliales,f__Orbiliaceae,g__Dactylaria
OTU164,k__Fungi,p__Ascomycota,c__Orbiliomycetes,o__Orbiliales,f__Orbiliaceae,g__Dactylella
OTU165,k__Fungi,p__Ascomycota,c__Sordariomycetes,o__Hypocreales,f__Nectriaceae,g__Dactylonectria
OTU166,k__Fungi,p__Ascomycota,c__Eurotiomycetes,o__Sclerococcales,f__Dactylosporaceae,g__Dactylospora
OTU167,k__Fungi,p__Ascomycota,c__Sordariomycetes,o__Xylariales,f__Hypoxylaceae,g__Daldinia
OTU168,k__Fungi,p__Ascomycota,c__Dothideomycetes,o__Pleosporales,f__Lentitheciaceae,g__Darksidea
OTU169,k__Fungi,p__Ascomycota,c__Saccharomycetes,o__Saccharomycetales,f__Debaryomycetaceae,g__Debaryomyces
OTU170,k__Fungi,p__Ascomycota,c__Dothideomycetes,o__Pleosporales,f__Phaeosphaeriaceae,g__Dematiopleospora
OTU171,k__Fungi,p__Ascomycota,c__Dothideomycetes,o__Pleosporales,f__Torulaceae,g__Dendryphion
OTU172,k__Fungi,p__Ascomycota,c__Pezizomycetes,o__Pezizales,f__Tarzettaceae,g__Densocarpa
OTU173,k__Fungi,p__Ascomycota,c__Sordariomycetes,o__Diaporthales,f__Diaporthaceae,g__Diaporthe
OTU174,k__Fungi,p__Ascomycota,c__Sordariomycetes,o__Sordariales,f__Chaetomiaceae,g__Dichotomopilus
OTU175,k__Fungi,p__Ascomycota,c__Dothideomycetes,o__Pleosporales,f__Dictyosporiaceae,g__Dictyocheirospora
OTU176,k__Fungi,p__Ascomycota,c__Dothideomycetes,o__Pleosporales,f__Dictyosporiaceae,g__Dictyosporium
OTU177,k__Fungi,p__Ascomycota,c__Dothideomycetes,o__Pleosporales,f__Didymellaceae,g__Didymella
OTU178,k__Fungi,p__Ascomycota,c__Pezizomycetes,o__Pezizales,f__Pyronemataceae,g__Diehliomyces
OTU179,k__Fungi,p__Ascomycota,c__Sordariomycetes,o__Chaetosphaeriales,f__Chaetosphaeriaceae,g__Dinemasporium
OTU180,k__Fungi,p__Basidiomycota,c__Tremellomycetes,o__Tremellales,f__Bulleribasidiaceae,g__Dioszegia
OTU181,k__Fungi,p__Ascomycota,c__Dothideomycetes,o__Botryosphaeriales,f__Botryosphaeriaceae,g__Diplodia
OTU182,k__Fungi,p__Ascomycota,c__Eurotiomycetes,o__Onygenales,f__Onygenales_fam_Incertae_sedis,g__Diploospora
OTU183,k__Fungi,p__Ascomycota,c__Pezizomycetes,o__Pezizales,f__Morchellaceae,g__Disciotis
OTU184,k__Fungi,p__Ascomycota,c__Sordariomycetes,o__Xylariales,f__Amphisphaeriaceae,g__Discostroma
OTU185,k__Fungi,p__Glomeromycota,c__Glomeromycetes,o__Diversisporales,f__Diversisporaceae,g__Diversispora
OTU186,k__Fungi,p__Glomeromycota,c__Glomeromycetes,o__Glomerales,f__Glomeraceae,g__Dominikia
OTU187,k__Fungi,p__Ascomycota,c__Dothideomycetes,o__Botryosphaeriales,f__Botryosphaeriaceae,g__Dothiorella
OTU188,k__Fungi,p__Ascomycota,c__Sordariomycetes,o__Hypocreales,f__Ophiocordycipitaceae,g__Drechmeria
OTU189,k__Fungi,p__Basidiomycota,c__Agaricomycetes,o__Agaricales,f__Agaricaceae,g__Echinoderma
OTU190,k__Fungi,p__Ascomycota,c__Dothideomycetes,o__Pleosporales,f__Pleosporaceae,g__Edenia
OTU191,k__Fungi,p__Ascomycota,c__Eurotiomycetes,o__Eurotiales,f__Elaphomycetaceae,g__Elaphomyces
OTU192,k__Fungi,p__Ascomycota,c__Eurotiomycetes,o__Onygenales,f__Ajellomycetaceae,g__Emergomyces
OTU193,k__Fungi,p__Ascomycota,c__Sordariomycetes,o__Hypocreales,f__Hypocreales_fam_Incertae_sedis,g__Emericellopsis
OTU194,k__Fungi,p__Ascomycota,c__Eurotiomycetes,o__Onygenales,f__Ajellomycetaceae,g__Emmonsiellopsis
OTU195,k__Fungi,p__Mucoromycota,c__Endogonomycetes,o__Endogonales,f__Endogonaceae,g__Endogone
OTU196,k__Fungi,p__Ascomycota,c__Sordariomycetes,o__Boliniales,f__Boliniaceae,g__Endoxyla
OTU197,k__Fungi,p__Ascomycota,c__Sordariomycetes,o__Microascales,f__Microascaceae,g__Enterocarpus
OTU198,k__Fungi,p__Basidiomycota,c__Agaricomycetes,o__Agaricales,f__Entolomataceae,g__Entoloma
OTU199,k__Fungi,p__Mortierellomycota,c__Mortierellomycetes,o__Mortierellales,f__Mortierellaceae,g__Entomortierella
OTU200,k__Fungi,p__Basidiomycota,c__Pucciniomycetes,o__Platygloeales,f__Eocronartiaceae,g__Eocronartium
OTU201,k__Fungi,p__Ascomycota,c__Leotiomycetes,o__Erysiphales,f__Erysiphaceae,g__Erysiphe
OTU202,k__Fungi,p__Basidiomycota,c__Cystobasidiomycetes,o__Erythrobasidiales,f__Erythrobasidiaceae,g__Erythrobasidium
OTU203,k__Fungi,p__Ascomycota,c__Sordariomycetes,o__Hypocreales,f__Niessliaceae,g__Eucasphaeria
OTU204,k__Fungi,p__Ascomycota,c__Eurotiomycetes,o__Chaetothyriales,f__Herpotrichiellaceae,g__Exophiala
OTU205,k__Fungi,p__Ascomycota,c__Dothideomycetes,o__Pleosporales,f__Pleosporaceae,g__Exserohilum
OTU206,k__Fungi,p__Ascomycota,c__Dothideomycetes,o__Pleosporales,f__Melanommataceae,g__Farlowiella
OTU207,k__Fungi,p__Basidiomycota,c__Tremellomycetes,o__Filobasidiales,f__Filobasidiaceae,g__Filobasidium
OTU208,k__Fungi,p__Ascomycota,c__Leotiomycetes,o__Helotiales,f__Helotiaceae,g__Filosporella
OTU209,k__Fungi,p__Chytridiomycota,c__Spizellomycetes,o__Spizellomycetales,f__Powellomycetaceae,g__Fimicolochytrium
OTU210,k__Fungi,p__Ascomycota,c__Sordariomycetes,o__Hypocreales,f__Cordycipitaceae,g__Flavocillium
OTU211,k__Fungi,p__Basidiomycota,c__Agaricomycetes,o__Hymenochaetales,f__Hymenochaetaceae,g__Fomitiporia
OTU212,k__Fungi,p__Glomeromycota,c__Glomeromycetes,o__Glomerales,f__Glomeraceae,g__Funneliformis
OTU213,k__Fungi,p__Ascomycota,c__Sordariomycetes,o__Hypocreales,f__Hypocreales_fam_Incertae_sedis,g__Fusariella
OTU214,k__Fungi,p__Ascomycota,c__Sordariomycetes,o__Hypocreales,f__Nectriaceae,g__Fusarium
OTU215,k__Fungi,p__Basidiomycota,c__Agaricomycetes,o__Hymenochaetales,f__Hymenochaetaceae,g__Fuscoporia
OTU216,k__Fungi,p__Ascomycota,c__Dothideomycetes,o__Pleosporales,f__Fuscostagonosporaceae,g__Fuscostagonospora
OTU217,k__Fungi,p__Ascomycota,c__Sordariomycetes,o__Hypocreales,f__Nectriaceae,g__Fusicolla
OTU218,k__Fungi,p__Ascomycota,c__Sordariomycetes,o__Xylariales,f__Xylariales_fam_Incertae_sedis,g__Fusidium
OTU219,k__Fungi,p__Chytridiomycota,c__Spizellomycetes,o__Spizellomycetales,f__Spizellomycetaceae,g__Gaertneriomyces
OTU220,k__Fungi,p__Ascomycota,c__Sordariomycetes,o__Magnaporthales,f__Magnaporthaceae,g__Gaeumannomycella
OTU221,k__Fungi,p__Ascomycota,c__Sordariomycetes,o__Magnaporthales,f__Magnaporthaceae,g__Gaeumannomyces
OTU222,k__Fungi,p__Basidiomycota,c__Agaricomycetes,o__Agaricales,f__Strophariaceae,g__Galerina
OTU223,k__Fungi,p__Ascomycota,c__Sordariomycetes,o__Microascales,f__Microascaceae,g__Gamsia
OTU224,k__Fungi,p__Basidiomycota,c__Agaricomycetes,o__Polyporales,f__Ganodermataceae,g__Ganoderma
OTU225,k__Fungi,p__Basidiomycota,c__Agaricomycetes,o__Geastrales,f__Geastraceae,g__Geastrum
OTU226,k__Fungi,p__Basidiomycota,c__Geminibasidiomycetes,o__Geminibasidiales,f__Geminibasidiaceae,g__Geminibasidium
OTU227,k__Fungi,p__Ascomycota,c__Leotiomycetes,o__Thelebolales,f__Pseudeurotiaceae,g__Geomyces
OTU228,k__Fungi,p__Ascomycota,c__Pezizomycetes,o__Pezizales,f__Pyronemataceae,g__Geopora
OTU229,k__Fungi,p__Chytridiomycota,c__Spizellomycetes,o__Spizellomycetales,f__Powellomycetaceae,g__Geranomyces
OTU230,k__Fungi,p__Ascomycota,c__Sordariomycetes,o__Glomerellales,f__Plectosphaerellaceae,g__Gibellulopsis
OTU231,k__Fungi,p__Ascomycota,c__Leotiomycetes,o__Helotiales,f__Helotiaceae,g__Glarea
OTU232,k__Fungi,p__Ascomycota,c__Sordariomycetes,o__Hypocreales,f__Bionectriaceae,g__Gliomastix
OTU233,k__Fungi,p__Glomeromycota,c__Glomeromycetes,o__Glomerales,f__Glomeraceae,g__Glomus
OTU234,k__Fungi,p__Basidiomycota,c__Tremellomycetes,o__Filobasidiales,f__Filobasidiaceae,g__Goffeauzyma
OTU235,k__Fungi,p__Ascomycota,c__Leotiomycetes,o__Erysiphales,f__Erysiphaceae,g__Golovinomyces
OTU236,k__Fungi,p__Mucoromycota,c__Mucoromycetes,o__Mucorales,f__Cunninghamellaceae,g__Gongronella
OTU237,k__Fungi,p__Ascomycota,c__Eurotiomycetes,o__Onygenales,f__Gymnoascaceae,g__Gymnascella
OTU238,k__Fungi,p__Ascomycota,c__Eurotiomycetes,o__Onygenales,f__Gymnoascaceae,g__Gymnoascus
OTU239,k__Fungi,p__Basidiomycota,c__Agaricomycetes,o__Agaricales,f__Omphalotaceae,g__Gymnopus
OTU240,k__Fungi,p__Ascomycota,c__Sordariomycetes,o__Xylariales,f__Microdochiaceae,g__Gyrothrix
OTU241,k__Fungi,p__Ascomycota,c__Eurotiomycetes,o__Eurotiales,f__Aspergillaceae,g__Hamigera
OTU242,k__Fungi,p__Basidiomycota,c__Tremellomycetes,o__Tremellales,f__Bulleribasidiaceae,g__Hannaella
OTU243,k__Fungi,p__Ascomycota,c__Saccharomycetes,o__Saccharomycetales,f__Saccharomycodaceae,g__Hanseniaspora
OTU244,k__Fungi,p__Ascomycota,c__Sordariomycetes,o__Hypocreales,f__Ophiocordycipitaceae,g__Haptocillium
OTU245,k__Fungi,p__Ascomycota,c__Sordariomycetes,o__Hypocreales,f__Ophiocordycipitaceae,g__Harposporium
OTU246,k__Fungi,p__Basidiomycota,c__Agaricomycetes,o__Agaricales,f__Hymenogastraceae,g__Hebeloma
OTU247,k__Fungi,p__Ascomycota,c__Dothideomycetes,o__Pleosporales,f__Massarinaceae,g__Helminthosporium
OTU248,k__Fungi,p__Ascomycota,c__Dothideomycetes,o__Pleosporales,f__Melanommataceae,g__Herpotrichia
OTU249,k__Fungi,p__Basidiomycota,c__Agaricomycetes,o__Russulales,f__Bondarzewiaceae,g__Heterobasidion
OTU250,k__Fungi,p__Basidiomycota,c__Tremellomycetes,o__Filobasidiales,f__Filobasidiaceae,g__Heterocephalacria
OTU251,k__Fungi,p__Ascomycota,c__Dothideomycetes,o__Pleosporales,f__Leptosphaeriaceae,g__Heterosporicola
OTU252,k__Fungi,p__Ascomycota,c__Pezizomycetes,o__Pezizales,f__Pyronemataceae,g__Heydenia
OTU253,k__Fungi,p__Ascomycota,c__Sordariomycetes,o__Hypocreales,f__Ophiocordycipitaceae,g__Hirsutella
OTU254,k__Fungi,p__Basidiomycota,c__Agaricomycetes,o__Agaricales,f__Pleurotaceae,g__Hohenbuehelia
OTU255,k__Fungi,p__Basidiomycota,c__Tremellomycetes,o__Holtermanniales,f__Holtermanniaceae,g__Holtermannia
OTU256,k__Fungi,p__Basidiomycota,c__Agaricomycetes,o__Agaricales,f__Psathyrellaceae,g__Homophron
OTU257,k__Fungi,p__Ascomycota,c__Pezizomycotina_cls_Incertae_sedis,o__Pezizomycotina_ord_Incertae_sedis,f__Pezizomycotina_fam_Incertae_sedis,g__Hormiactis
OTU258,k__Fungi,p__Ascomycota,c__Sordariomycetes,o__Sordariales,f__Chaetomiaceae,g__Humicola
OTU259,k__Fungi,p__Ascomycota,c__Orbiliomycetes,o__Orbiliales,f__Orbiliaceae,g__Hyalorbilia
OTU260,k__Fungi,p__Ascomycota,c__Pezizomycetes,o__Pezizales,f__Pyronemataceae,g__Hydnocystis
OTU261,k__Fungi,p__Ascomycota,c__Sordariomycetes,o__Hypocreales,f__Bionectriaceae,g__Hydropisphaera
OTU262,k__Fungi,p__Basidiomycota,c__Agaricomycetes,o__Agaricales,f__Hymenogastraceae,g__Hymenogaster
OTU263,k__Fungi,p__Ascomycota,c__Leotiomycetes,o__Helotiales,f__Helotiaceae,g__Hymenoscyphus
OTU264,k__Fungi,p__Basidiomycota,c__Agaricomycetes,o__Polyporales,f__Phanerochaetaceae,g__Hyphodermella
OTU265,k__Fungi,p__Ascomycota,c__Leotiomycetes,o__Helotiales,f__Hyaloscyphaceae,g__Hyphodiscus
OTU266,k__Fungi,p__Basidiomycota,c__Agaricomycetes,o__Hymenochaetales,f__Schizoporaceae,g__Hyphodontia
OTU267,k__Fungi,p__Basidiomycota,c__Agaricomycetes,o__Agaricales,f__Strophariaceae,g__Hypholoma
OTU268,k__Fungi,p__Ascomycota,c__Sordariomycetes,o__Hypocreales,f__Hypocreaceae,g__Hypomyces
OTU269,k__Fungi,p__Ascomycota,c__Sordariomycetes,o__Xylariales,f__Hypoxylaceae,g__Hypoxylon
OTU270,k__Fungi,p__Ascomycota,c__Sordariomycetes,o__Xylariales,f__Microdochiaceae,g__Idriella
OTU271,k__Fungi,p__Ascomycota,c__Sordariomycetes,o__Hypocreales,f__Nectriaceae,g__Ilyonectria
OTU272,k__Fungi,p__Basidiomycota,c__Agaricomycetes,o__Boletales,f__Boletaceae,g__Imleria
OTU273,k__Fungi,p__Basidiomycota,c__Agaricomycetes,o__Agaricales,f__Inocybaceae,g__Inocybe
OTU274,k__Fungi,p__Basidiomycota,c__Agaricomycetes,o__Agaricales,f__Inocybaceae,g__Inosperma
OTU275,k__Fungi,p__Ascomycota,c__Pezizomycetes,o__Pezizales,f__Pezizaceae,g__Iodophanus
OTU276,k__Fungi,p__Basidiomycota,c__Tremellomycetes,o__Cystofilobasidiales,f__Mrakiaceae,g__Itersonilia
OTU277,k__Fungi,p__Ascomycota,c__Sordariomycetes,o__Xylariales,f__Hypoxylaceae,g__Jackrogersella
OTU278,k__Fungi,p__Ascomycota,c__Dothideomycetes,o__Pleosporales,f__Didymosphaeriaceae,g__Kalmusia
OTU279,k__Fungi,p__Ascomycota,c__Saccharomycetes,o__Saccharomycetales,f__Saccharomycetaceae,g__Kazachstania
OTU280,k__Fungi,p__Ascomycota,c__Dothideomycetes,o__Pleosporales,f__Lentitheciaceae,g__Keissleriella
OTU281,k__Fungi,p__Ascomycota,c__Sordariomycetes,o__Hypocreales,f__Clavicipitaceae,g__Keithomyces
OTU282,k__Fungi,p__Ascomycota,c__Eurotiomycetes,o__Onygenales,f__Onygenaceae,g__Keratinophyton
OTU283,k__Fungi,p__Ascomycota,c__Sordariomycetes,o__Microascales,f__Microascaceae,g__Kernia
OTU284,k__Fungi,p__Ascomycota,c__Sordariomycetes,o__Hypocreales,f__Hypocreaceae,g__Kiflimonium
OTU285,k__Fungi,p__Ascomycota,c__Eurotiomycetes,o__Chaetothyriales,f__Trichomeriaceae,g__Knufia
OTU286,k__Fungi,p__Ascomycota,c__Saccharomycetes,o__Saccharomycetales,f__Metschnikowiaceae,g__Kodamaea
OTU287,k__Fungi,p__Basidiomycota,c__Agaricostilbomycetes,o__Agaricostilbales,f__Kondoaceae,g__Kondoa
OTU288,k__Fungi,p__Basidiomycota,c__Tremellomycetes,o__Cystofilobasidiales,f__Mrakiaceae,g__Krasilnikovozyma
OTU289,k__Fungi,p__Ascomycota,c__Saccharomycetes,o__Saccharomycetales,f__Pichiaceae,g__Kregervanrija
OTU290,k__Fungi,p__Basidiomycota,c__Agaricomycetes,o__Agaricales,f__Strophariaceae,g__Kuehneromyces
OTU291,k__Fungi,p__Basidiomycota,c__Agaricostilbomycetes,o__Agaricostilbales,f__Chionosphaeraceae,g__Kurtzmanomyces
OTU292,k__Fungi,p__Ascomycota,c__Saccharomycetes,o__Saccharomycetales,f__Saccharomycetaceae,g__Lachancea
OTU293,k__Fungi,p__Ascomycota,c__Leotiomycetes,o__Helotiales,f__Hyaloscyphaceae,g__Lachnellula
OTU294,k__Fungi,p__Basidiomycota,c__Agaricomycetes,o__Agaricales,f__Psathyrellaceae,g__Lacrymaria
OTU295,k__Fungi,p__Basidiomycota,c__Agaricomycetes,o__Russulales,f__Russulaceae,g__Lactarius
OTU296,k__Fungi,p__Basidiomycota,c__Agaricomycetes,o__Polyporales,f__Fomitopsidaceae,g__Laetiporus
OTU297,k__Fungi,p__Ascomycota,c__Pezizomycetes,o__Pezizales,f__Pyronemataceae,g__Lamprospora
OTU298,k__Fungi,p__Ascomycota,c__Pezizomycetes,o__Pezizales,f__Pyronemataceae,g__Lasiobolidium
OTU299,k__Fungi,p__Ascomycota,c__Sordariomycetes,o__Hypocreales,f__Nectriaceae,g__Lasionectria
OTU300,k__Fungi,p__Ascomycota,c__Sordariomycetes,o__Hypocreales,f__Bionectriaceae,g__Lasionectriopsis
OTU301,k__Fungi,p__Ascomycota,c__Sordariomycetes,o__Sordariales,f__Lasiosphaeriaceae,g__Lasiosphaeris
OTU302,k__Fungi,p__Basidiomycota,c__Agaricomycetes,o__Russulales,f__Hericiaceae,g__Laxitextum
OTU303,k__Fungi,p__Ascomycota,c__Sordariomycetes,o__Hypocreales,f__Cordycipitaceae,g__Lecanicillium
OTU304,k__Fungi,p__Ascomycota,c__Sordariomycetes,o__Glomerellales,f__Plectosphaerellaceae,g__Lectera
OTU305,k__Fungi,p__Mucoromycota,c__Mucoromycetes,o__Mucorales,f__Lentamycetaceae,g__Lentamyces
OTU306,k__Fungi,p__Ascomycota,c__Leotiomycetes,o__Helotiales,f__Helotiales_fam_Incertae_sedis,g__Leohumicola
OTU307,k__Fungi,p__Basidiomycota,c__Agaricomycetes,o__Agaricales,f__Agaricaceae,g__Lepiota
OTU308,k__Fungi,p__Basidiomycota,c__Agaricomycetes,o__Agaricales,f__Tricholomataceae,g__Lepista
OTU309,k__Fungi,p__Ascomycota,c__Sordariomycetes,o__Hypocreales,f__Cordycipitaceae,g__Leptobacillium
OTU310,k__Fungi,p__Ascomycota,c__Dothideomycetes,o__Acrospermales,f__Acrospermales_fam_Incertae_sedis,g__Leptodiscella
OTU311,k__Fungi,p__Ascomycota,c__Dothideomycetes,o__Pleosporales,f__Leptosphaeriaceae,g__Leptosphaeria
OTU312,k__Fungi,p__Ascomycota,c__Dothideomycetes,o__Pleosporales,f__Phaeosphaeriaceae,g__Leptospora
OTU313,k__Fungi,p__Basidiomycota,c__Agaricomycetes,o__Agaricales,f__Agaricaceae,g__Leucoagaricus
OTU314,k__Fungi,p__Basidiomycota,c__Agaricomycetes,o__Boletales,f__Boletales_fam_Incertae_sedis,g__Leucogyrophana
OTU315,k__Fungi,p__Basidiomycota,c__Microbotryomycetes,o__Leucosporidiales,f__Leucosporidiaceae,g__Leucosporidium
OTU316,k__Fungi,p__Ascomycota,c__Eurotiomycetes,o__Onygenales,f__Gymnoascaceae,g__Leucothecium
OTU317,k__Fungi,p__Ascomycota,c__Dothideomycetes,o__Abrothallales,f__Lichenoconiaceae,g__Lichenoconium
OTU318,k__Fungi,p__Basidiomycota,c__Agaricomycetes,o__Agaricales,f__Cyphellaceae,g__Limnoperdon
OTU319,k__Fungi,p__Basidiomycota,c__Agaricomycetes,o__Corticiales,f__Corticiaceae,g__Limonomyces
OTU320,k__Fungi,p__Ascomycota,c__Dothideomycetes,o__Pleosporales,f__Lindgomycetaceae,g__Lindgomyces
OTU321,k__Fungi,p__Basidiomycota,c__Agaricomycetes,o__Agaricales,f__Stephanosporaceae,g__Lindtneria
OTU322,k__Fungi,p__Mortierellomycota,c__Mortierellomycetes,o__Mortierellales,f__Mortierellaceae,g__Linnemannia
OTU323,k__Fungi,p__Ascomycota,c__Saccharomycetes,o__Saccharomycetales,f__Lipomycetaceae,g__Lipomyces
OTU324,k__Fungi,p__Ascomycota,c__Sordariomycetes,o__Xylariales,f__Lopadostomataceae,g__Lopadostoma
OTU325,k__Fungi,p__Ascomycota,c__Dothideomycetes,o__Pleosporales,f__Lophiostomataceae,g__Lophiostoma
OTU326,k__Fungi,p__Ascomycota,c__Dothideomycetes,o__Pleosporales,f__Lophiotremataceae,g__Lophiotrema
OTU327,k__Fungi,p__Basidiomycota,c__Agaricomycetes,o__Agaricales,f__Lycoperdaceae,g__Lycoperdon
OTU328,k__Fungi,p__Basidiomycota,c__Agaricomycetes,o__Hymenochaetales,f__Schizoporaceae,g__Lyomyces
OTU329,k__Fungi,p__Basidiomycota,c__Agaricomycetes,o__Agaricales,f__Lyophyllaceae,g__Lyophyllum
OTU330,k__Fungi,p__Ascomycota,c__Dothideomycetes,o__Botryosphaeriales,f__Botryosphaeriaceae,g__Macrophomina
OTU331,k__Fungi,p__Ascomycota,c__Sordariomycetes,o__Sordariales,f__Sordariales_fam_Incertae_sedis,g__Madurella
OTU332,k__Fungi,p__Ascomycota,c__Sordariomycetes,o__Magnaporthales,f__Magnaporthaceae,g__Magnaporthe
OTU333,k__Fungi,p__Ascomycota,c__Sordariomycetes,o__Magnaporthales,f__Magnaporthaceae,g__Magnaporthiopsis
OTU334,k__Fungi,p__Basidiomycota,c__Malasseziomycetes,o__Malasseziales,f__Malasseziaceae,g__Malassezia
OTU335,k__Fungi,p__Ascomycota,c__Eurotiomycetes,o__Onygenales,f__Onygenaceae,g__Malbranchea
OTU336,k__Fungi,p__Basidiomycota,c__Agaricomycetes,o__Agaricales,f__Marasmiaceae,g__Marasmius
OTU337,k__Fungi,p__Ascomycota,c__Pezizomycetes,o__Pezizales,f__Pyronemataceae,g__Marcelleina
OTU338,k__Fungi,p__Ascomycota,c__Sordariomycetes,o__Hypocreales,f__Nectriaceae,g__Mariannaea
OTU339,k__Fungi,p__Ascomycota,c__Sordariomycetes,o__Hypocreales,f__Clavicipitaceae,g__Marquandomyces
OTU340,k__Fungi,p__Ascomycota,c__Dothideomycetes,o__Pleosporales,f__Massarinaceae,g__Massarina
OTU341,k__Fungi,p__Ascomycota,c__Sordariomycetes,o__Sordariales,f__Chaetomiaceae,g__Melanocarpus
OTU342,k__Fungi,p__Basidiomycota,c__Agaricomycetes,o__Agaricales,f__Tricholomataceae,g__Melanoleuca
OTU343,k__Fungi,p__Ascomycota,c__Dothideomycetes,o__Pleosporales,f__Melanommataceae,g__Melanomma
OTU344,k__Fungi,p__Basidiomycota,c__Agaricomycetes,o__Agaricales,f__Agaricaceae,g__Melanophyllum
OTU345,k__Fungi,p__Ascomycota,c__Sordariomycetes,o__Melanosporales,f__Melanosporaceae,g__Melanospora
OTU346,k__Fungi,p__Ascomycota,c__Pezizomycetes,o__Pezizales,f__Pyronemataceae,g__Melastiza
OTU347,k__Fungi,p__Basidiomycota,c__Agaricomycetes,o__Polyporales,f__Meripilaceae,g__Meripilus
OTU348,k__Fungi,p__Ascomycota,c__Sordariomycetes,o__Hypocreales,f__Clavicipitaceae,g__Metacordyceps
OTU349,k__Fungi,p__Ascomycota,c__Sordariomycetes,o__Hypocreales,f__Clavicipitaceae,g__Metapochonia
OTU350,k__Fungi,p__Ascomycota,c__Sordariomycetes,o__Hypocreales,f__Clavicipitaceae,g__Metarhizium
OTU351,k__Fungi,p__Ascomycota,c__Saccharomycetes,o__Saccharomycetales,f__Metschnikowiaceae,g__Metschnikowia
OTU352,k__Fungi,p__Ascomycota,c__Sordariomycetes,o__Microascales,f__Microascaceae,g__Microascus
OTU353,k__Fungi,p__Ascomycota,c__Sordariomycetes,o__Xylariales,f__Amphisphaeriaceae,g__Microdochium
OTU354,k__Fungi,p__Glomeromycota,c__Glomeromycetes,o__Glomerales,f__Glomeraceae,g__Microdominikia
OTU355,k__Fungi,p__Basidiomycota,c__Agaricomycetes,o__Cantharellales,f__Hydnaceae,g__Minimedusa
OTU356,k__Fungi,p__Ascomycota,c__Eurotiomycetes,o__Chaetothyriales,f__Herpotrichiellaceae,g__Minimelanolocus
OTU357,k__Fungi,p__Ascomycota,c__Dothideomycetes,o__Minutisphaerales,f__Minutisphaeraceae,g__Minutisphaera
OTU358,k__Fungi,p__Ascomycota,c__Eurotiomycetes,o__Eurotiomycetidae_ord_Incertae_sedis,f__Monascaceae,g__Monascus
OTU359,k__Fungi,p__Ascomycota,c__Sordariomycetes,o__Hypocreales,f__Hypocreaceae,g__Monocillium
OTU360,k__Fungi,p__Ascomycota,c__Sordariomycetes,o__Xylariales,f__Hyponectriaceae,g__Monographella
OTU361,k__Fungi,p__Ascomycota,c__Sordariomycetes,o__Xylariales,f__Diatrypaceae,g__Monosporascus
OTU362,k__Fungi,p__Ascomycota,c__Dothideomycetes,o__Pleosporales,f__Didymosphaeriaceae,g__Montagnula
OTU363,k__Fungi,p__Ascomycota,c__Pezizomycetes,o__Pezizales,f__Morchellaceae,g__Morchella
OTU364,k__Fungi,p__Mortierellomycota,c__Mortierellomycetes,o__Mortierellales,f__Mortierellaceae,g__Mortierella
OTU365,k__Fungi,p__Basidiomycota,c__Tremellomycetes,o__Cystofilobasidiales,f__Mrakiaceae,g__Mrakia
OTU366,k__Fungi,p__Mucoromycota,c__Mucoromycetes,o__Mucorales,f__Mucoraceae,g__Mucor
OTU367,k__Fungi,p__Ascomycota,c__Sordariomycetes,o__Sordariales,f__Chaetomiaceae,g__Myceliophthora
OTU368,k__Fungi,p__Basidiomycota,c__Agaricomycetes,o__Agaricales,f__Mycenaceae,g__Mycena
OTU369,k__Fungi,p__Basidiomycota,c__Agaricomycetes,o__Agaricales,f__Tricholomataceae,g__Mycenella
OTU370,k__Fungi,p__Basidiomycota,c__Agaricomycetes,o__Polyporales,f__Meruliaceae,g__Mycoacia
OTU371,k__Fungi,p__Ascomycota,c__Sordariomycetes,o__Sordariales,f__Chaetomiaceae,g__Mycothermus
OTU372,k__Fungi,p__Basidiomycota,c__Agaricomycetes,o__Agaricales,f__Stephanosporaceae,g__Myriococcum
OTU373,k__Fungi,p__Ascomycota,c__Eurotiomycetes,o__Onygenales,f__Onygenaceae,g__Myriodontium
OTU374,k__Fungi,p__Ascomycota,c__Sordariomycetes,o__Myrmecridiales,f__Myrmecridiaceae,g__Myrmecridium
OTU375,k__Fungi,p__Ascomycota,c__Sordariomycetes,o__Hypocreales,f__Stachybotryaceae,g__Myxospora
OTU376,k__Fungi,p__Ascomycota,c__Leotiomycetes,o__Helotiales,f__Myxotrichaceae,g__Myxotrichum
OTU377,k__Fungi,p__Basidiomycota,c__Tremellomycetes,o__Filobasidiales,f__Filobasidiaceae,g__Naganishia
OTU378,k__Fungi,p__Ascomycota,c__Sordariomycetes,o__Microascales,f__Halosphaeriaceae,g__Natantispora
OTU379,k__Fungi,p__Mortierellomycota,c__Mortierellomycetes,o__Mortierellales,f__Mortierellaceae,g__Necromortierella
OTU380,k__Fungi,p__Ascomycota,c__Sordariomycetes,o__Hypocreales,f__Nectriaceae,g__Nectria
OTU381,k__Fungi,p__Ascomycota,c__Sordariomycetes,o__Hypocreales,f__Bionectriaceae,g__Nectriella
OTU382,k__Fungi,p__Ascomycota,c__Sordariomycetes,o__Hypocreales,f__Bionectriaceae,g__Nectriopsis
OTU383,k__Fungi,p__Ascomycota,c__Sordariomycetes,o__Xylariales,f__Xylariaceae,g__Nemania
OTU384,k__Fungi,p__Ascomycota,c__Dothideomycetes,o__Pleosporales,f__Didymellaceae,g__Neoascochyta
OTU385,k__Fungi,p__Ascomycota,c__Leotiomycetes,o__Helotiales,f__Gelatinodiscaceae,g__Neobulgaria
OTU386,k__Fungi,p__Ascomycota,c__Dothideomycetes,o__Pleosporales,f__Neocamarosporiaceae,g__Neocamarosporium
OTU387,k__Fungi,p__Ascomycota,c__Dothideomycetes,o__Pleosporales,f__Dictyosporiaceae,g__Neodendryphiella
OTU388,k__Fungi,p__Ascomycota,c__Dothideomycetes,o__Botryosphaeriales,f__Botryosphaeriaceae,g__Neofusicoccum
OTU389,k__Fungi,p__Ascomycota,c__Dothideomycetes,o__Tubeufiales,f__Tubeufiaceae,g__Neohelicomyces
OTU390,k__Fungi,p__Ascomycota,c__Sordariomycetes,o__Xylariales,f__Xylariales_fam_Incertae_sedis,g__Neoidriella
OTU391,k__Fungi,p__Ascomycota,c__Sordariomycetes,o__Myrmecridiales,f__Myrmecridiaceae,g__Neomyrmecridium
OTU392,k__Fungi,p__Ascomycota,c__Sordariomycetes,o__Hypocreales,f__Nectriaceae,g__Neonectria
OTU393,k__Fungi,p__Ascomycota,c__Eurotiomycetes,o__Chaetothyriales,f__Chaetothyriales_fam_Incertae_sedis,g__Neophaeococcomyces
OTU394,k__Fungi,p__Ascomycota,c__Dothideomycetes,o__Pleosporales,f__Neophaeosphaeriaceae,g__Neophaeosphaeria
OTU395,k__Fungi,p__Ascomycota,c__Dothideomycetes,o__Pleosporales,f__Neopyrenochaetaceae,g__Neopyrenochaeta
OTU396,k__Fungi,p__Ascomycota,c__Dothideomycetes,o__Pleosporales,f__Roussoellaceae,g__Neoroussoella
OTU397,k__Fungi,p__Ascomycota,c__Sordariomycetes,o__Sordariales,f__Neoschizotheciaceae,g__Neoschizothecium
OTU398,k__Fungi,p__Ascomycota,c__Dothideomycetes,o__Pleosporales,f__Phaeosphaeriaceae,g__Neosetophoma
OTU399,k__Fungi,p__Ascomycota,c__Sordariomycetes,o__Hypocreales,f__Niessliaceae,g__Niesslia
OTU400,k__Fungi,p__Ascomycota,c__Dothideomycetes,o__Pleosporales,f__Nigrogranaceae,g__Nigrograna
OTU401,k__Fungi,p__Ascomycota,c__Sordariomycetes,o__Trichosphaeriales,f__Trichosphaeriaceae,g__Nigrospora
OTU402,k__Fungi,p__Ascomycota,c__Sordariomycetes,o__Xylariales,f__Xylariaceae,g__Nodulisporium
OTU403,k__Fungi,p__Basidiomycota,c__Cystobasidiomycetes,o__Cystobasidiales,f__Cystobasidiaceae,g__Occultifur
OTU404,k__Fungi,p__Ascomycota,c__Dothideomycetes,o__Venturiales,f__Sympoventuriaceae,g__Ochroconis
OTU405,k__Fungi,p__Ascomycota,c__Pezizomycetes,o__Pezizales,f__Pyronemataceae,g__Octospora
OTU406,k__Fungi,p__Basidiomycota,c__Agaricomycetes,o__Thelephorales,f__Thelephoraceae,g__Odontia
OTU407,k__Fungi,p__Ascomycota,c__Saccharomycetes,o__Saccharomycetales,f__Saccharomycetaceae,g__Ogataea
OTU408,k__Fungi,p__Ascomycota,c__Leotiomycetes,o__Helotiales,f__Myxotrichaceae,g__Oidiodendron
OTU409,k__Fungi,p__Basidiomycota,c__Agaricomycetes,o__Auriculariales,f__Auriculariales_fam_Incertae_sedis,g__Oliveonia
OTU410,k__Fungi,p__Olpidiomycota,c__Olpidiomycetes,o__Olpidiales,f__Olpidiaceae,g__Olpidium
OTU411,k__Fungi,p__Ascomycota,c__Sordariomycetes,o__Sordariomycetes_ord_Incertae_sedis,f__Sordariomycetes_fam_Incertae_sedis,g__Oncopodiella
OTU412,k__Fungi,p__Chytridiomycota,c__Rhizophydiomycetes,o__Rhizophydiales,f__Rhizophydiales_fam_Incertae_sedis,g__Operculomyces
OTU413,k__Fungi,p__Ascomycota,c__Sordariomycetes,o__Magnaporthales,f__Ophioceraceae,g__Ophioceras
OTU414,k__Fungi,p__Ascomycota,c__Sordariomycetes,o__Hypocreales,f__Ophiocordycipitaceae,g__Ophiocordyceps
OTU415,k__Fungi,p__Ascomycota,c__Dothideomycetes,o__Pleosporales,f__Phaeosphaeriaceae,g__Ophiosphaerella
OTU416,k__Fungi,p__Ascomycota,c__Orbiliomycetes,o__Orbiliales,f__Orbiliaceae,g__Orbilia
OTU417,k__Fungi,p__Ascomycota,c__Sordariomycetes,o__Sordariales,f__Chaetomiaceae,g__Ovatospora
OTU418,k__Fungi,p__Basidiomycota,c__Agaricomycetes,o__Hymenochaetales,f__Schizoporaceae,g__Oxyporus
OTU419,k__Fungi,p__Glomeromycota,c__Glomeromycetes,o__Diversisporales,f__Pacisporaceae,g__Pacispora
OTU420,k__Fungi,p__Ascomycota,c__Eurotiomycetes,o__Eurotiales,f__Aspergillaceae,g__Paecilomyces
OTU421,k__Fungi,p__Basidiomycota,c__Agaricomycetes,o__Agaricales,f__Bolbitiaceae,g__Panaeolus
OTU422,k__Fungi,p__Basidiomycota,c__Tremellomycetes,o__Tremellales,f__Rhynchogastremataceae,g__Papiliotrema
OTU423,k__Fungi,p__Ascomycota,c__Sordariomycetes,o__Sordariales,f__Sordariales_fam_Incertae_sedis,g__Papulaspora
OTU424,k__Fungi,p__Ascomycota,c__Sordariomycetes,o__Hypocreales,f__Nectriaceae,g__Paracremonium
OTU425,k__Fungi,p__Glomeromycota,c__Paraglomeromycetes,o__Paraglomerales,f__Paraglomeraceae,g__Paraglomus
OTU426,k__Fungi,p__Rozellomycota,c__Rozellomycota_cls_Incertae_sedis,o__Rozellomycota_ord_Incertae_sedis,f__Rozellomycota_fam_Incertae_sedis,g__Paramicrosporidium
OTU427,k__Fungi,p__Ascomycota,c__Sordariomycetes,o__Hypocreales,f__Stachybotryaceae,g__Paramyrothecium
OTU428,k__Fungi,p__Ascomycota,c__Dothideomycetes,o__Pleosporales,f__Didymosphaeriaceae,g__Paraphaeosphaeria
OTU429,k__Fungi,p__Ascomycota,c__Dothideomycetes,o__Pleosporales,f__Phaeosphaeriaceae,g__Paraphoma
OTU430,k__Fungi,p__Blastocladiomycota,c__Blastocladiomycetes,o__Blastocladiales,f__Physodermataceae,g__Paraphysoderma
OTU431,k__Fungi,p__Ascomycota,c__Dothideomycetes,o__Pleosporales,f__Thyridariaceae,g__Pararoussoella
OTU432,k__Fungi,p__Ascomycota,c__Sordariomycetes,o__Hypocreales,f__Sarocladiaceae,g__Parasarocladium
OTU433,k__Fungi,p__Ascomycota,c__Sordariomycetes,o__Microascales,f__Microascaceae,g__Parascedosporium
OTU434,k__Fungi,p__Basidiomycota,c__Agaricomycetes,o__Agaricales,f__Psathyrellaceae,g__Parasola
OTU435,k__Fungi,p__Ascomycota,c__Dothideomycetes,o__Pleosporales,f__Phaeosphaeriaceae,g__Parastagonospora
OTU436,k__Fungi,p__Ascomycota,c__Sordariomycetes,o__Sordariales,f__Chaetomiaceae,g__Parathielavia
OTU437,k__Fungi,p__Ascomycota,c__Dothideomycetes,o__Pleosporales,f__Thyridariaceae,g__Parathyridaria
OTU438,k__Fungi,p__Ascomycota,c__Pezizomycetes,o__Pezizales,f__Pyronemataceae,g__Paratricharina
OTU439,k__Fungi,p__Basidiomycota,c__Agaricomycetes,o__Sebacinales,f__Sebacinaceae,g__Paulisebacina
OTU440,k__Fungi,p__Ascomycota,c__Pezizomycetes,o__Pezizales,f__Pyronemataceae,g__Paurocotylis
OTU441,k__Fungi,p__Basidiomycota,c__Agaricomycetes,o__Boletales,f__Paxillaceae,g__Paxillus
OTU442,k__Fungi,p__Ascomycota,c__Eurotiomycetes,o__Eurotiales,f__Aspergillaceae,g__Penicillium
OTU443,k__Fungi,p__Basidiomycota,c__Agaricomycetes,o__Russulales,f__Peniophoraceae,g__Peniophora
OTU444,k__Fungi,p__Basidiomycota,c__Agaricomycetes,o__Hymenochaetales,f__Rickenellaceae,g__Peniophorella
OTU445,k__Fungi,p__Basidiomycota,c__Agaricomycetes,o__Polyporales,f__Polyporaceae,g__Perenniporia
OTU446,k__Fungi,p__Ascomycota,c__Dothideomycetes,o__Pleosporales,f__Periconiaceae,g__Periconia
OTU447,k__Fungi,p__Ascomycota,c__Sordariomycetes,o__Xylariales,f__Diatrypaceae,g__Peroneutypa
OTU448,k__Fungi,p__Ascomycota,c__Leotiomycetes,o__Helotiales,f__Dermateaceae,g__Pezicula
OTU449,k__Fungi,p__Ascomycota,c__Pezizomycetes,o__Pezizales,f__Pezizaceae,g__Peziza
OTU450,k__Fungi,p__Ascomycota,c__Leotiomycetes,o__Helotiales,f__Leotiaceae,g__Pezoloma
OTU451,k__Fungi,p__Ascomycota,c__Sordariomycetes,o__Togniniales,f__Togniniaceae,g__Phaeoacremonium
OTU452,k__Fungi,p__Basidiomycota,c__Agaricomycetes,o__Gomphales,f__Gomphaceae,g__Phaeoclavulina
OTU453,k__Fungi,p__Ascomycota,c__Sordariomycetes,o__Pleurotheciales,f__Pleurotheciaceae,g__Phaeoisaria
OTU454,k__Fungi,p__Ascomycota,c__Eurotiomycetes,o__Phaeomoniellales,f__Phaeomoniellaceae,g__Phaeomoniella
OTU455,k__Fungi,p__Ascomycota,c__Dothideomycetes,o__Pleosporales,f__Phaeosphaeriaceae,g__Phaeosphaeria
OTU456,k__Fungi,p__Basidiomycota,c__Tremellomycetes,o__Tremellales,f__Phaeotremellaceae,g__Phaeotremella
OTU457,k__Fungi,p__Basidiomycota,c__Agaricomycetes,o__Phallales,f__Phallaceae,g__Phallus
OTU458,k__Fungi,p__Basidiomycota,c__Agaricomycetes,o__Hymenochaetales,f__Hymenochaetaceae,g__Phellinopsis
OTU459,k__Fungi,p__Ascomycota,c__Sordariomycetes,o__Sordariales,f__Cephalothecaceae,g__Phialemonium
OTU460,k__Fungi,p__Ascomycota,c__Leotiomycetes,o__Helotiales,f__Mollisiaceae,g__Phialocephala
OTU461,k__Fungi,p__Ascomycota,c__Eurotiomycetes,o__Chaetothyriales,f__Herpotrichiellaceae,g__Phialophora
OTU462,k__Fungi,p__Ascomycota,c__Pezizomycetes,o__Pezizales,f__Sarcoscyphaceae,g__Phillipsia
OTU463,k__Fungi,p__Basidiomycota,c__Agaricomycetes,o__Polyporales,f__Meruliaceae,g__Phlebia
OTU464,k__Fungi,p__Basidiomycota,c__Agaricomycetes,o__Agaricales,f__Cortinariaceae,g__Phlegmacium
OTU465,k__Fungi,p__Basidiomycota,c__Agaricomycetes,o__Agaricales,f__Porotheleaceae,g__Phloeomana
OTU466,k__Fungi,p__Ascomycota,c__Leotiomycetes,o__Helotiales,f__Dermateaceae,g__Phlyctema
OTU467,k__Fungi,p__Chytridiomycota,c__Chytridiomycetes,o__Chytridiales,f__Chytridiaceae,g__Phlyctochytrium
OTU468,k__Fungi,p__Basidiomycota,c__Agaricomycetes,o__Agaricales,f__Strophariaceae,g__Pholiota
OTU469,k__Fungi,p__Basidiomycota,c__Agaricomycetes,o__Agaricales,f__Bolbitiaceae,g__Pholiotina
OTU470,k__Fungi,p__Ascomycota,c__Sordariomycetes,o__Phomatosporales,f__Phomatosporaceae,g__Phomatospora
OTU471,k__Fungi,p__Basidiomycota,c__Agaricomycetes,o__Hymenochaetales,f__Hymenochaetaceae,g__Phylloporia
OTU472,k__Fungi,p__Ascomycota,c__Saccharomycetes,o__Saccharomycetales,f__Pichiaceae,g__Pichia
OTU473,k__Fungi,p__Ascomycota,c__Leotiomycetes,o__Helotiales,f__Chaetomellaceae,g__Pilidium
OTU474,k__Fungi,p__Ascomycota,c__Dothideomycetes,o__Pleosporales,f__Phaeosphaeriaceae,g__Piniphoma
OTU475,k__Fungi,p__Basidiomycota,c__Tremellomycetes,o__Filobasidiales,f__Piskurozymaceae,g__Piskurozyma
OTU476,k__Fungi,p__Ascomycota,c__Sordariomycetes,o__Microascales,f__Microascaceae,g__Pithoascus
OTU477,k__Fungi,p__Ascomycota,c__Sordariomycetes,o__Glomerellales,f__Plectosphaerellaceae,g__Plectosphaerella
OTU478,k__Fungi,p__Ascomycota,c__Dothideomycetes,o__Pleosporales,f__Melanommataceae,g__Pleotrichocladium
OTU479,k__Fungi,p__Ascomycota,c__Dothideomycetes,o__Pleosporales,f__Lentitheciaceae,g__Pleurophoma
OTU480,k__Fungi,p__Ascomycota,c__Sordariomycetes,o__Pleurotheciales,f__Pleurotheciaceae,g__Pleurotheciella
OTU481,k__Fungi,p__Basidiomycota,c__Agaricomycetes,o__Agaricales,f__Pluteaceae,g__Pluteus
OTU482,k__Fungi,p__Ascomycota,c__Dothideomycetes,o__Pleosporales,f__Lentitheciaceae,g__Poaceascoma
OTU483,k__Fungi,p__Mortierellomycota,c__Mortierellomycetes,o__Mortierellales,f__Mortierellaceae,g__Podila
OTU484,k__Fungi,p__Ascomycota,c__Leotiomycetes,o__Erysiphales,f__Erysiphaceae,g__Podosphaera
OTU485,k__Fungi,p__Ascomycota,c__Sordariomycetes,o__Sordariales,f__Podosporaceae,g__Podospora
OTU486,k__Fungi,p__Ascomycota,c__Eurotiomycetes,o__Onygenales,f__Onygenaceae,g__Polytolypa
OTU487,k__Fungi,p__Ascomycota,c__Leotiomycetes,o__Helotiales,f__Calloriaceae,g__Populomyces
OTU488,k__Fungi,p__Basidiomycota,c__Agaricomycetes,o__Polyporales,f__Fomitopsidaceae,g__Postia
OTU489,k__Fungi,p__Chytridiomycota,c__Spizellomycetes,o__Spizellomycetales,f__Powellomycetaceae,g__Powellomyces
OTU490,k__Fungi,p__Ascomycota,c__Dothideomycetes,o__Pleosporales,f__Sporormiaceae,g__Preussia
OTU491,k__Fungi,p__Ascomycota,c__Taphrinomycetes,o__Taphrinales,f__Protomycetaceae,g__Protomyces
OTU492,k__Fungi,p__Chytridiomycota,c__Rhizophydiomycetes,o__Rhizophydiales,f__Protrudomycetaceae,g__Protrudomyces
OTU493,k__Fungi,p__Basidiomycota,c__Agaricomycetes,o__Agaricales,f__Psathyrellaceae,g__Psathyrella
OTU494,k__Fungi,p__Ascomycota,c__Leotiomycetes,o__Thelebolales,f__Pseudeurotiaceae,g__Pseudeurotium
OTU495,k__Fungi,p__Ascomycota,c__Sordariomycetes,o__Glomerellales,f__Reticulascaceae,g__Pseudoacrodictys
OTU496,k__Fungi,p__Ascomycota,c__Dothideomycetes,o__Pleosporales,f__Dictyosporiaceae,g__Pseudocoleophoma
OTU497,k__Fungi,p__Ascomycota,c__Sordariomycetes,o__Hypocreales,f__Nectriaceae,g__Pseudocosmospora
OTU498,k__Fungi,p__Ascomycota,c__Dothideomycetes,o__Pleosporales,f__Teichosporaceae,g__Pseudocyclothyriella
OTU499,k__Fungi,p__Ascomycota,c__Dothideomycetes,o__Pleosporales,f__Dictyosporiaceae,g__Pseudodictyosporium
OTU500,k__Fungi,p__Ascomycota,c__Sordariomycetes,o__Sordariales,f__Schizotheciaceae,g__Pseudoechria
OTU501,k__Fungi,p__Ascomycota,c__Leotiomycetes,o__Thelebolales,f__Pseudeurotiaceae,g__Pseudogymnoascus
OTU502,k__Fungi,p__Basidiomycota,c__Microbotryomycetes,o__Microbotryomycetes_ord_Incertae_sedis,f__Chrysozymaceae,g__Pseudohyphozyma
OTU503,k__Fungi,p__Ascomycota,c__Sordariomycetes,o__Thyridiales,f__Thyridiaceae,g__Pseudoneoconiothyrium
OTU504,k__Fungi,p__Ascomycota,c__Sordariomycetes,o__Chaetosphaeriales,f__Chaetosphaeriaceae,g__Pseudophialocephala
OTU505,k__Fungi,p__Ascomycota,c__Dothideomycetes,o__Pleosporales,f__Didymosphaeriaceae,g__Pseudopithomyces
OTU506,k__Fungi,p__Ascomycota,c__Dothideomycetes,o__Pleosporales,f__Pseudopyrenochaetaceae,g__Pseudopyrenochaeta
OTU507,k__Fungi,p__Ascomycota,c__Sordariomycetes,o__Microascales,f__Microascaceae,g__Pseudoscopulariopsis
OTU508,k__Fungi,p__Ascomycota,c__Pezizomycetes,o__Pezizales,f__Pyronemataceae,g__Pseudotricharina
OTU509,k__Fungi,p__Basidiomycota,c__Agaricomycetes,o__Agaricales,f__Pterulaceae,g__Pterula
OTU510,k__Fungi,p__Ascomycota,c__Pezizomycetes,o__Pezizales,f__Pyronemataceae,g__Pulvinula
OTU511,k__Fungi,p__Ascomycota,c__Sordariomycetes,o__Hypocreales,f__Ophiocordycipitaceae,g__Purpureocillium
OTU512,k__Fungi,p__Ascomycota,c__Dothideomycetes,o__Pleosporales,f__Cucurbitariaceae,g__Pyrenochaeta
OTU513,k__Fungi,p__Ascomycota,c__Dothideomycetes,o__Pleosporales,f__Cucurbitariaceae,g__Pyrenochaetopsis
OTU514,k__Fungi,p__Ascomycota,c__Leotiomycetes,o__Helotiales,f__Dermateaceae,g__Pyrenopeziza
OTU515,k__Fungi,p__Ascomycota,c__Dothideomycetes,o__Pleosporales,f__Pleosporaceae,g__Pyrenophora
OTU516,k__Fungi,p__Ascomycota,c__Laboulbeniomycetes,o__Pyxidiophorales,f__Pyxidiophoraceae,g__Pyxidiophora
OTU517,k__Fungi,p__Kickxellomycota,c__Ramicandelaberomycetes,o__Ramicandelaberales,f__Ramicandelaberaceae,g__Ramicandelaber
OTU518,k__Fungi,p__Ascomycota,c__Sordariomycetes,o__Sordariales,f__Bombardiaceae,g__Ramophialophora
OTU519,k__Fungi,p__Ascomycota,c__Dothideomycetes,o__Mycosphaerellales,f__Mycosphaerellaceae,g__Ramularia
OTU520,k__Fungi,p__Ascomycota,c__Eurotiomycetes,o__Eurotiales,f__Aspergillaceae,g__Rasamsonia
OTU521,k__Fungi,p__Ascomycota,c__Sordariomycetes,o__Hypocreales,f__Nectriaceae,g__Rectifusarium
OTU522,k__Fungi,p__Ascomycota,c__Sordariomycetes,o__Sordariales,f__Chaetomiaceae,g__Remersonia
OTU523,k__Fungi,p__Basidiomycota,c__Agaricomycetes,o__Hymenochaetales,f__Rickenellaceae,g__Resinicium
OTU524,k__Fungi,p__Ascomycota,c__Leotiomycetes,o__Helotiales,f__Helotiales_fam_Incertae_sedis,g__Rhexocercosporidium
OTU525,k__Fungi,p__Ascomycota,c__Eurotiomycetes,o__Chaetothyriales,f__Herpotrichiellaceae,g__Rhinocladiella
OTU526,k__Fungi,p__Basidiomycota,c__Agaricomycetes,o__Cantharellales,f__Ceratobasidiaceae,g__Rhizoctonia
OTU527,k__Fungi,p__Glomeromycota,c__Glomeromycetes,o__Glomerales,f__Glomeraceae,g__Rhizophagus
OTU528,k__Fungi,p__Chytridiomycota,c__Rhizophlyctidomycetes,o__Rhizophlyctidales,f__Rhizophlyctidaceae,g__Rhizophlyctis
OTU529,k__Fungi,p__Chytridiomycota,c__Rhizophydiomycetes,o__Rhizophydiales,f__Rhizophydiaceae,g__Rhizophydium
OTU530,k__Fungi,p__Mucoromycota,c__Mucoromycetes,o__Mucorales,f__Rhizopodaceae,g__Rhizopus
OTU531,k__Fungi,p__Ascomycota,c__Leotiomycetes,o__Helotiales,f__Helotiaceae,g__Rhizoscyphus
OTU532,k__Fungi,p__Basidiomycota,c__Microbotryomycetes,o__Sporidiobolales,f__Sporidiobolaceae,g__Rhodotorula
OTU533,k__Fungi,p__Basidiomycota,c__Agaricomycetes,o__Polyporales,f__Meripilaceae,g__Rigidoporus
OTU534,k__Fungi,p__Ascomycota,c__Sordariomycetes,o__Xylariales,f__Sporocadaceae,g__Robillarda
OTU535,k__Fungi,p__Ascomycota,c__Leotiomycetes,o__Helotiales,f__Helotiales_fam_Incertae_sedis,g__Roesleria
OTU536,k__Fungi,p__Ascomycota,c__Saccharomycetes,o__Saccharomycetales,f__Saccharomycetaceae,g__Saccharomyces
OTU537,k__Fungi,p__Ascomycota,c__Saccharomycetes,o__Saccharomycetales,f__Saccharomycopsidaceae,g__Saccharomycopsis
OTU538,k__Fungi,p__Basidiomycota,c__Tremellomycetes,o__Tremellales,f__Trimorphomycetaceae,g__Saitozyma
OTU539,k__Fungi,p__Basidiomycota,c__Cystobasidiomycetes,o__Sakaguchiales,f__Sakaguchiaceae,g__Sakaguchia
OTU540,k__Fungi,p__Basidiomycota,c__Microbotryomycetes,o__Microbotryomycetes_ord_Incertae_sedis,f__Chrysozymaceae,g__Sampaiozyma
OTU541,k__Fungi,p__Ascomycota,c__Sordariomycetes,o__Hypocreales,f__Cordycipitaceae,g__Samsoniella
OTU542,k__Fungi,p__Ascomycota,c__Pezizomycetes,o__Pezizales,f__Sarcoscyphaceae,g__Sarcoscypha
OTU543,k__Fungi,p__Ascomycota,c__Sordariomycetes,o__Hypocreales,f__Hypocreales_fam_Incertae_sedis,g__Sarocladium
OTU544,k__Fungi,p__Ascomycota,c__Sordariomycetes,o__Savoryellales,f__Savoryellaceae,g__Savoryella
OTU545,k__Fungi,p__Ascomycota,c__Sordariomycetes,o__Microascales,f__Microascaceae,g__Scedosporium
OTU546,k__Fungi,p__Ascomycota,c__Sordariomycetes,o__Sordariales,f__Lasiosphaeriaceae,g__Schizothecium
OTU547,k__Fungi,p__Ascomycota,c__Saccharomycetes,o__Saccharomycetales,f__Debaryomycetaceae,g__Schwanniomyces
OTU548,k__Fungi,p__Ascomycota,c__Dothideomycetes,o__Mycosphaerellales,f__Mycosphaerellaceae,g__Scirrhia
OTU549,k__Fungi,p__Ascomycota,c__Dothideomycetes,o__Venturiales,f__Sympoventuriaceae,g__Scolecobasidium
OTU550,k__Fungi,p__Ascomycota,c__Sordariomycetes,o__Microascales,f__Microascaceae,g__Scopulariopsis
OTU551,k__Fungi,p__Basidiomycota,c__Agaricomycetes,o__Polyporales,f__Meruliaceae,g__Scopuloides
OTU552,k__Fungi,p__Ascomycota,c__Pezizomycetes,o__Pezizales,f__Pyronemataceae,g__Scutellinia
OTU553,k__Fungi,p__Glomeromycota,c__Glomeromycetes,o__Gigasporales,f__Gigasporaceae,g__Scutellospora
OTU554,k__Fungi,p__Ascomycota,c__Leotiomycetes,o__Helotiales,f__Helotiaceae,g__Scytalidium
OTU555,k__Fungi,p__Glomeromycota,c__Glomeromycetes,o__Glomerales,f__Glomeraceae,g__Septoglomus
OTU556,k__Fungi,p__Ascomycota,c__Dothideomycetes,o__Mycosphaerellales,f__Mycosphaerellaceae,g__Septoria
OTU557,k__Fungi,p__Ascomycota,c__Dothideomycetes,o__Pleosporales,f__Phaeosphaeriaceae,g__Septoriella
OTU558,k__Fungi,p__Basidiomycota,c__Agaricomycetes,o__Sebacinales,f__Serendipitaceae,g__Serendipita
OTU559,k__Fungi,p__Ascomycota,c__Dothideomycetes,o__Pleosporales,f__Phaeosphaeriaceae,g__Setophaeosphaeria
OTU560,k__Fungi,p__Ascomycota,c__Eurotiomycetes,o__Onygenales,f__Onygenaceae,g__Shanorella
OTU561,k__Fungi,p__Ascomycota,c__Dothideomycetes,o__Pleosporales,f__Pleosporales_fam_Incertae_sedis,g__Shiraia
OTU562,k__Fungi,p__Basidiomycota,c__Agaricomycetes,o__Hymenochaetales,f__Rickenellaceae,g__Sidera
OTU563,k__Fungi,p__Basidiomycota,c__Agaricomycetes,o__Trechisporales,f__Trechisporales_fam_Incertae_sedis,g__Sistotremastrum
OTU564,k__Fungi,p__Ascomycota,c__Pezizomycetes,o__Pezizales,f__Pyronemataceae,g__Smardaea
OTU565,k__Fungi,p__Ascomycota,c__Sordariomycetes,o__Glomerellales,f__Plectosphaerellaceae,g__Sodiomyces
OTU566,k__Fungi,p__Basidiomycota,c__Tremellomycetes,o__Filobasidiales,f__Piskurozymaceae,g__Solicoccozyma
OTU567,k__Fungi,p__Ascomycota,c__Sordariomycetes,o__Sordariales,f__Sordariaceae,g__Sordaria
OTU568,k__Fungi,p__Ascomycota,c__Sordariomycetes,o__Sordariales,f__Helminthosphaeriaceae,g__Spadicoides
OTU569,k__Fungi,p__Ascomycota,c__Sordariomycetes,o__Microascales,f__Microascales_fam_Incertae_sedis,g__Sphaeronaemella
OTU570,k__Fungi,p__Ascomycota,c__Sordariomycetes,o__Hypocreales,f__Hypocreaceae,g__Sphaerostilbella
OTU571,k__Fungi,p__Chytridiomycota,c__Spizellomycetes,o__Spizellomycetales,f__Spizellomycetaceae,g__Spizellomyces
OTU572,k__Fungi,p__Ascomycota,c__Pezizomycetes,o__Pezizales,f__Pyronemataceae,g__Spooneromyces
OTU573,k__Fungi,p__Basidiomycota,c__Microbotryomycetes,o__Sporidiobolales,f__Sporidiobolaceae,g__Sporobolomyces
OTU574,k__Fungi,p__Ascomycota,c__Dothideomycetes,o__Pleosporales,f__Sporormiaceae,g__Sporormia
OTU575,k__Fungi,p__Ascomycota,c__Dothideomycetes,o__Pleosporales,f__Sporormiaceae,g__Sporormiella
OTU576,k__Fungi,p__Ascomycota,c__Sordariomycetes,o__Ophiostomatales,f__Ophiostomataceae,g__Sporothrix
OTU577,k__Fungi,p__Ascomycota,c__Sordariomycetes,o__Hypocreales,f__Stachybotryaceae,g__Stachybotrys
OTU578,k__Fungi,p__Ascomycota,c__Sordariomycetes,o__Glomerellales,f__Plectosphaerellaceae,g__Stachylidium
OTU579,k__Fungi,p__Ascomycota,c__Dothideomycetes,o__Pleosporales,f__Didymellaceae,g__Stagonosporopsis
OTU580,k__Fungi,p__Ascomycota,c__Sordariomycetes,o__Sordariales,f__Sordariales_fam_Incertae_sedis,g__Staphylotrichum
OTU581,k__Fungi,p__Ascomycota,c__Saccharomycetes,o__Saccharomycetales,f__Saccharomycetales_fam_Incertae_sedis,g__Starmerella
OTU582,k__Fungi,p__Basidiomycota,c__Agaricomycetes,o__Polyporales,f__Steccherinaceae,g__Steccherinum
OTU583,k__Fungi,p__Ascomycota,c__Dothideomycetes,o__Pleosporales,f__Pleosporaceae,g__Stemphylium
OTU584,k__Fungi,p__Ascomycota,c__Sordariomycetes,o__Hypocreales,f__Nectriaceae,g__Stephanonectria
OTU585,k__Fungi,p__Basidiomycota,c__Agaricomycetes,o__Russulales,f__Stereaceae,g__Stereum
OTU586,k__Fungi,p__Ascomycota,c__Sordariomycetes,o__Pleurotheciales,f__Pleurotheciaceae,g__Sterigmatobotrys
OTU587,k__Fungi,p__Ascomycota,c__Sordariomycetes,o__Hypocreales,f__Stachybotryaceae,g__Striaticonidium
OTU588,k__Fungi,p__Basidiomycota,c__Agaricomycetes,o__Agaricales,f__Strophariaceae,g__Stropharia
OTU589,k__Fungi,p__Ascomycota,c__Sordariomycetes,o__Hypocreales,f__Nectriaceae,g__Stylonectria
OTU590,k__Fungi,p__Ascomycota,c__Sordariomycetes,o__Sordariales,f__Chaetomiaceae,g__Subramaniula
OTU591,k__Fungi,p__Basidiomycota,c__Agaricomycetes,o__Trechisporales,f__Hydnodontaceae,g__Subulicystidium
OTU592,k__Fungi,p__Basidiomycota,c__Agaricomycetes,o__Boletales,f__Suillaceae,g__Suillus
OTU593,k__Fungi,p__Basidiomycota,c__Cystobasidiomycetes,o__Cystobasidiomycetes_ord_Incertae_sedis,f__Symmetrosporaceae,g__Symmetrospora
OTU594,k__Fungi,p__Basidiomycota,c__Tremellomycetes,o__Tremellales,f__Syzygosporaceae,g__Syzygospora
OTU595,k__Fungi,p__Ascomycota,c__Eurotiomycetes,o__Eurotiales,f__Aspergillaceae,g__Talaromyces
OTU596,k__Fungi,p__Basidiomycota,c__Tremellomycetes,o__Cystofilobasidiales,f__Mrakiaceae,g__Tausonia
OTU597,k__Fungi,p__Ascomycota,c__Dothideomycetes,o__Pleosporales,f__Teichosporaceae,g__Teichospora
OTU598,k__Fungi,p__Ascomycota,c__Leotiomycetes,o__Helotiales,f__Helotiaceae,g__Tetracladium
OTU599,k__Fungi,p__Ascomycota,c__Dothideomycetes,o__Venturiales,f__Sympoventuriaceae,g__Tetracoccosporium
OTU600,k__Fungi,p__Basidiomycota,c__Agaricomycetes,o__Cantharellales,f__Ceratobasidiaceae,g__Thanatephorus
OTU601,k__Fungi,p__Basidiomycota,c__Ustilaginomycetes,o__Urocystidales,f__Glomosporiaceae,g__Thecaphora
OTU602,k__Fungi,p__Ascomycota,c__Leotiomycetes,o__Thelebolales,f__Thelebolaceae,g__Thelebolus
OTU603,k__Fungi,p__Ascomycota,c__Sordariomycetes,o__Hypocreales,f__Nectriaceae,g__Thelonectria
OTU604,k__Fungi,p__Ascomycota,c__Eurotiomycetes,o__Eurotiales,f__Thermoascaceae,g__Thermoascus
OTU605,k__Fungi,p__Ascomycota,c__Eurotiomycetes,o__Eurotiales,f__Trichocomaceae,g__Thermomyces
OTU606,k__Fungi,p__Ascomycota,c__Sordariomycetes,o__Sordariales,f__Chaetomiaceae,g__Thermothelomyces
OTU607,k__Fungi,p__Ascomycota,c__Sordariomycetes,o__Sordariales,f__Chaetomiaceae,g__Thermothielavioides
OTU608,k__Fungi,p__Ascomycota,c__Sordariomycetes,o__Thyridiales,f__Thyridiaceae,g__Thyridium
OTU609,k__Fungi,p__Ascomycota,c__Eurotiomycetes,o__Chaetothyriales,f__Herpotrichiellaceae,g__Thysanorea
OTU610,k__Fungi,p__Ascomycota,c__Sordariomycetes,o__Hypocreales,f__Ophiocordycipitaceae,g__Tolypocladium
OTU611,k__Fungi,p__Basidiomycota,c__Agaricomycetes,o__Thelephorales,f__Thelephoraceae,g__Tomentella
OTU612,k__Fungi,p__Basidiomycota,c__Agaricomycetes,o__Thelephorales,f__Thelephoraceae,g__Tomentellopsis
OTU613,k__Fungi,p__Ascomycota,c__Dothideomycetes,o__Pleosporales,f__Torulaceae,g__Torula
OTU614,k__Fungi,p__Basidiomycota,c__Ustilaginomycetes,o__Ustilaginales,f__Ustilaginaceae,g__Tranzscheliella
OTU615,k__Fungi,p__Basidiomycota,c__Agaricomycetes,o__Trechisporales,f__Hydnodontaceae,g__Trechispora
OTU616,k__Fungi,p__Ascomycota,c__Dothideomycetes,o__Pleosporales,f__Didymosphaeriaceae,g__Tremateia
OTU617,k__Fungi,p__Ascomycota,c__Pezizomycotina_cls_Incertae_sedis,o__Pezizomycotina_ord_Incertae_sedis,f__Pezizomycotina_fam_Incertae_sedis,g__Tricellula
OTU618,k__Fungi,p__Ascomycota,c__Pezizomycetes,o__Pezizales,f__Pyronemataceae,g__Tricharina
OTU619,k__Fungi,p__Ascomycota,c__Sordariomycetes,o__Hypocreales,f__Hypocreaceae,g__Trichoderma
OTU620,k__Fungi,p__Basidiomycota,c__Agaricomycetes,o__Agaricales,f__Tricholomataceae,g__Tricholoma
OTU621,k__Fungi,p__Ascomycota,c__Saccharomycetes,o__Saccharomycetales,f__Trichomonascaceae,g__Trichomonascus
OTU622,k__Fungi,p__Ascomycota,c__Leotiomycetes,o__Helotiales,f__Hyaloscyphaceae,g__Trichopeziza
OTU623,k__Fungi,p__Ascomycota,c__Leotiomycetes,o__Helotiales,f__Hyaloscyphaceae,g__Trichopezizella
OTU624,k__Fungi,p__Ascomycota,c__Eurotiomycetes,o__Onygenales,f__Arthrodermataceae,g__Trichophyton
OTU625,k__Fungi,p__Ascomycota,c__Sordariomycetes,o__Hypocreales,f__Hypocreales_fam_Incertae_sedis,g__Trichothecium
OTU626,k__Fungi,p__Ascomycota,c__Saccharomycetes,o__Saccharomycetales,f__Trigonopsidaceae,g__Trigonopsis
OTU627,k__Fungi,p__Ascomycota,c__Pezizomycotina_cls_Incertae_sedis,o__Pezizomycotina_ord_Incertae_sedis,f__Pezizomycotina_fam_Incertae_sedis,g__Triscelophorus
OTU628,k__Fungi,p__Ascomycota,c__Sordariomycetes,o__Xylariales,f__Bartaliniaceae,g__Truncatella
OTU629,k__Fungi,p__Basidiomycota,c__Agaricomycetes,o__Agaricales,f__Strophariaceae,g__Tubaria
OTU630,k__Fungi,p__Basidiomycota,c__Agaricomycetes,o__Cantharellales,f__Tulasnellaceae,g__Tulasnella
OTU631,k__Fungi,p__Basidiomycota,c__Agaricomycetes,o__Agaricales,f__Agaricaceae,g__Tulostoma
OTU632,k__Fungi,p__Ascomycota,c__Dothideomycetes,o__Pleosporales,f__Pleomassariaceae,g__Tumularia
OTU633,k__Fungi,p__Basidiomycota,c__Tremellomycetes,o__Cystofilobasidiales,f__Mrakiaceae,g__Udeniomyces
OTU634,k__Fungi,p__Basidiomycota,c__Microbotryomycetes,o__Microbotryomycetes_ord_Incertae_sedis,f__Chrysozymaceae,g__Udeniozyma
OTU635,k__Fungi,p__Ascomycota,c__Leotiomycetes,o__Helotiales,f__Hyaloscyphaceae,g__Unguicularia
OTU636,k__Fungi,p__Rozellomycota,c__unidentified,o__unidentified,f__unidentified,g__unidentified
OTU637,k__Fungi,p__Basidiobolomycota,c__unidentified,o__unidentified,f__unidentified,g__unidentified
OTU638,k__Fungi,p__unidentified,c__unidentified,o__unidentified,f__unidentified,g__unidentified
OTU639,k__Fungi,p__Chytridiomycota,c__GS13,o__unidentified,f__unidentified,g__unidentified
OTU640,k__Fungi,p__Ascomycota,c__Sordariomycetes,o__Hypocreales,f__unidentified,g__unidentified
OTU641,k__Fungi,p__Chytridiomycota,c__Rhizophydiomycetes,o__Rhizophydiales,f__unidentified,g__unidentified
OTU642,k__Fungi,p__Olpidiomycota,c__unidentified,o__unidentified,f__unidentified,g__unidentified
OTU643,k__Fungi,p__Ascomycota,c__Pezizomycetes,o__Pezizales,f__unidentified,g__unidentified
OTU644,k__Fungi,p__Basidiomycota,c__Tremellomycetes,o__unidentified,f__unidentified,g__unidentified
OTU645,k__Fungi,p__Basidiomycota,c__Cystobasidiomycetes,o__unidentified,f__unidentified,g__unidentified
OTU646,k__Fungi,p__Basidiomycota,c__Agaricomycetes,o__Hymenochaetales,f__unidentified,g__unidentified
OTU647,k__Fungi,p__Ascomycota,c__Lecanoromycetes,o__Lecanorales,f__unidentified,g__unidentified
OTU648,k__Fungi,p__Blastocladiomycota,c__unidentified,o__unidentified,f__unidentified,g__unidentified
OTU649,k__Fungi,p__Monoblepharomycota,c__unidentified,o__unidentified,f__unidentified,g__unidentified
OTU650,k__Fungi,p__Kickxellomycota,c__unidentified,o__unidentified,f__unidentified,g__unidentified
OTU651,k__Fungi,p__Ascomycota,c__Sordariomycetes,o__Coniochaetales,f__unidentified,g__unidentified
OTU652,k__Fungi,p__GS01,c__unidentified,o__unidentified,f__unidentified,g__unidentified
OTU653,k__Fungi,p__Ascomycota,c__Dothideomycetes,o__Venturiales,f__unidentified,g__unidentified
OTU654,k__Fungi,p__Basidiomycota,c__Agaricomycetes,o__Agaricales,f__unidentified,g__unidentified
OTU655,k__Fungi,p__Basidiomycota,c__Microbotryomycetes,o__Kriegeriales,f__unidentified,g__unidentified
OTU656,k__Fungi,p__Ascomycota,c__Eurotiomycetes,o__unidentified,f__unidentified,g__unidentified
OTU657,k__Fungi,p__Basidiomycota,c__Ustilaginomycetes,o__Urocystidales,f__Urocystidaceae,g__Urocystis
OTU658,k__Fungi,p__Basidiomycota,c__Ustilaginomycetes,o__Ustilaginales,f__Ustilaginaceae,g__Ustilago
OTU659,k__Fungi,p__Ascomycota,c__Dothideomycetes,o__Valsariales,f__Valsariaceae,g__Valsaria
OTU660,k__Fungi,p__Ascomycota,c__Sordariomycetes,o__Hypocreales,f__Bionectriaceae,g__Valsonectria
OTU661,k__Fungi,p__Basidiomycota,c__Tremellomycetes,o__Trichosporonales,f__Trichosporonaceae,g__Vanrija
OTU662,k__Fungi,p__Ascomycota,c__Sordariomycetes,o__Hypocreales,f__Nectriaceae,g__Varicosporellopsis
OTU663,k__Fungi,p__Ascomycota,c__Dothideomycetes,o__Venturiales,f__Venturiaceae,g__Venturia
OTU664,k__Fungi,p__Ascomycota,c__Orbiliomycetes,o__Orbiliales,f__Orbiliales_fam_Incertae_sedis,g__Vermispora
OTU665,k__Fungi,p__Ascomycota,c__Eurotiomycetes,o__Chaetothyriales,f__Herpotrichiellaceae,g__Veronaea
OTU666,k__Fungi,p__Ascomycota,c__Sordariomycetes,o__Glomerellales,f__Plectosphaerellaceae,g__Verticillium
OTU667,k__Fungi,p__Ascomycota,c__Sordariomycetes,o__Xylariales,f__Xylariaceae,g__Virgaria
OTU668,k__Fungi,p__Basidiomycota,c__Tremellomycetes,o__Tremellales,f__Bulleribasidiaceae,g__Vishniacozyma
OTU669,k__Fungi,p__Ascomycota,c__Sordariomycetes,o__Hypocreales,f__Nectriaceae,g__Volutella
OTU670,k__Fungi,p__Basidiomycota,c__Agaricomycetes,o__Agaricales,f__Pluteaceae,g__Volvariella
OTU671,k__Fungi,p__Basidiomycota,c__Agaricomycetes,o__Agaricales,f__Pluteaceae,g__Volvopluteus
OTU672,k__Fungi,p__Basidiomycota,c__Agaricomycetes,o__Corticiales,f__Corticiaceae,g__Waitea
OTU673,k__Fungi,p__Ascomycota,c__Sordariomycetes,o__Microascales,f__Microascaceae,g__Wardomyces
OTU674,k__Fungi,p__Ascomycota,c__Dothideomycetes,o__Pleosporales,f__Sporormiaceae,g__Westerdykella
OTU675,k__Fungi,p__Ascomycota,c__Lecanoromycetes,o__Teloschistales,f__Teloschistaceae,g__Xanthoria
OTU676,k__Fungi,p__Ascomycota,c__Eurotiomycetes,o__Onygenales,f__Onygenaceae,g__Xanthothecium
OTU677,k__Fungi,p__Ascomycota,c__Dothideomycetes,o__Pleosporales,f__Pyrenochaetopsidaceae,g__Xenopyrenochaetopsis
OTU678,k__Fungi,p__Ascomycota,c__Sordariomycetes,o__Xylariales,f__Xylariaceae,g__Xylaria
OTU679,k__Fungi,p__Basidiomycota,c__Agaricomycetes,o__Hymenochaetales,f__Schizoporaceae,g__Xylodon
OTU680,k__Fungi,p__Ascomycota,c__Sordariomycetes,o__Microascales,f__Microascaceae,g__Yunnania
OTU681,k__Fungi,p__Ascomycota,c__Sordariomycetes,o__Sordariales,f__Chaetomiaceae,g__Zopfiella
OTU682,k__Fungi,p__Ascomycota,c__Saccharomycetes,o__Saccharomycetales,f__Saccharomycetaceae,g__Zygosaccharomyces
OTU683,k__Fungi,p__Basidiomycota,c__Agaricomycotina_cls_Incertae_sedis,c__Agaricomycotina_cls_Incertae_sedis,c__Agaricomycotina_cls_Incertae_sedis,NA
OTU684,k__Fungi,p__Mucoromycota,c__Endogonomycetes,c__Endogonomycetes,c__Endogonomycetes,NA
OTU685,k__Fungi,p__Ascomycota,c__GS37,o__unidentified,f__unidentified,NA
OTU686,k__Fungi,p__Ascomycota,c__Laboulbeniomycetes,o__unidentified,f__unidentified,NA
OTU687,k__Fungi,p__Ascomycota,c__Pezizomycotina_cls_Incertae_sedis,c__Pezizomycotina_cls_Incertae_sedis,c__Pezizomycotina_cls_Incertae_sedis,NA
OTU688,k__Fungi,p__Ascomycota,c__Sordariomycetes,o__unidentified,f__unidentified,NA
OTU689,k__Fungi,p__Basidiomycota,c__Agaricomycetes,o__Agaricales,f__Agaricaceae,NA
OTU690,k__Fungi,p__Ascomycota,c__Dothideomycetes,o__Pleosporales,f__Amorosiaceae,NA
OTU691,k__Fungi,p__Ascomycota,c__Sordariomycetes,o__Hypocreales,f__Amplistromataceae,NA
OTU692,k__Fungi,p__Ascomycota,c__Sordariomycetes,o__Xylariales,f__Apiosporaceae,NA
OTU693,k__Fungi,p__Ascomycota,c__Sordariomycetes,o__Xylariales,f__Apiosporaceae,NA
OTU694,k__Fungi,p__Ascomycota,c__Pezizomycetes,o__Pezizales,f__Ascodesmidaceae,NA
OTU695,k__Fungi,p__Ascomycota,c__Eurotiomycetes,o__Eurotiales,f__Aspergillaceae,NA
OTU696,k__Fungi,p__Ascomycota,c__Sordariomycetes,o__Glomerellales,f__Australiascaceae,NA
OTU697,k__Fungi,p__Ascomycota,c__Sordariomycetes,o__Hypocreales,f__Bionectriaceae,NA
OTU698,k__Fungi,p__Ascomycota,c__Sordariomycetes,o__Hypocreales,f__Bionectriaceae,NA
OTU699,k__Fungi,p__Basidiomycota,c__Agaricomycetes,o__Agaricales,f__Bolbitiaceae,NA
OTU700,k__Fungi,p__Basidiomycota,c__Agaricomycetes,o__Agaricales,f__Bolbitiaceae,NA
OTU701,k__Fungi,p__Ascomycota,c__Sordariomycetes,o__Boliniales,f__Boliniaceae,NA
OTU702,k__Fungi,p__Ascomycota,c__Sordariomycetes,o__Boliniales,f__Boliniaceae,NA
OTU703,k__Fungi,p__Ascomycota,c__Dothideomycetes,o__Botryosphaeriales,f__Botryosphaeriaceae,NA
OTU704,k__Fungi,p__Ascomycota,c__Dothideomycetes,o__Capnodiales,f__Capnodiaceae,NA
OTU705,k__Fungi,p__Basidiomycota,c__Agaricomycetes,o__Cantharellales,f__Ceratobasidiaceae,NA
OTU706,k__Fungi,p__Basidiomycota,c__Agaricomycetes,o__Cantharellales,f__Ceratobasidiaceae,NA
OTU707,k__Fungi,p__Ascomycota,c__Sordariomycetes,o__Magnaporthales,f__Ceratosphaeriaceae,NA
OTU708,k__Fungi,p__Ascomycota,c__Sordariomycetes,o__Sordariales,f__Chaetomiaceae,NA
OTU709,k__Fungi,p__Ascomycota,c__Sordariomycetes,o__Sordariales,f__Chaetomiaceae,NA
OTU710,k__Fungi,p__Ascomycota,c__Sordariomycetes,o__Chaetosphaeriales,f__Chaetosphaeriaceae,NA
OTU711,k__Fungi,p__Basidiomycota,c__Agaricostilbomycetes,o__Agaricostilbales,f__Chionosphaeraceae,NA
OTU712,k__Fungi,p__Basidiomycota,c__Agaricomycetes,o__Agaricales,f__Clavariaceae,NA
OTU713,k__Fungi,p__Ascomycota,c__Sordariomycetes,o__Hypocreales,f__Clavicipitaceae,NA
OTU714,k__Fungi,p__Ascomycota,c__Sordariomycetes,o__Hypocreales,f__Clavicipitaceae,NA
OTU715,k__Fungi,p__Ascomycota,c__Eurotiomycetes,o__Chaetothyriales,f__Coccodiniaceae,NA
OTU716,k__Fungi,p__Ascomycota,c__Sordariomycetes,o__Coniochaetales,f__Coniochaetaceae,NA
OTU717,k__Fungi,p__Ascomycota,c__Sordariomycetes,o__Coniochaetales,f__Coniochaetaceae,NA
OTU718,k__Fungi,p__Ascomycota,c__Sordariomycetes,o__Hypocreales,f__Cordycipitaceae,NA
OTU719,k__Fungi,p__Ascomycota,c__Sordariomycetes,o__Hypocreales,f__Cordycipitaceae,NA
OTU720,k__Fungi,p__Ascomycota,c__Dothideomycetes,o__Pleosporales,f__Cucurbitariaceae,NA
OTU721,k__Fungi,p__Ascomycota,c__Eurotiomycetes,o__Chaetothyriales,f__Cyphellophoraceae,NA
OTU722,k__Fungi,p__Ascomycota,c__Sordariomycetes,o__Diaporthales,f__Diaporthaceae,NA
OTU723,k__Fungi,p__Ascomycota,c__Sordariomycetes,o__Diaporthales,f__Diaporthaceae,NA
OTU724,k__Fungi,p__Ascomycota,c__Sordariomycetes,o__Xylariales,f__Diatrypaceae,NA
OTU725,k__Fungi,p__Ascomycota,c__Dothideomycetes,o__Pleosporales,f__Dictyosporiaceae,NA
OTU726,k__Fungi,p__Ascomycota,c__Dothideomycetes,o__Pleosporales,f__Dictyosporiaceae,NA
OTU727,k__Fungi,p__Ascomycota,c__Dothideomycetes,o__Pleosporales,f__Didymellaceae,NA
OTU728,k__Fungi,p__Ascomycota,c__Dothideomycetes,o__Pleosporales,f__Didymellaceae,NA
OTU729,k__Fungi,p__Ascomycota,c__Dothideomycetes,o__Pleosporales,f__Didymosphaeriaceae,NA
OTU730,k__Fungi,p__Basidiomycota,c__Agaricomycetes,o__Agaricales,f__Entolomataceae,NA
OTU731,k__Fungi,p__Basidiomycota,c__Agaricomycetes,o__Polyporales,f__Fomitopsidaceae,NA
OTU732,k__Fungi,p__Glomeromycota,c__Glomeromycetes,o__Glomerales,f__Glomeraceae,NA
OTU733,k__Fungi,p__Glomeromycota,c__Glomeromycetes,o__Glomerales,f__Glomeraceae,NA
OTU734,k__Fungi,p__Ascomycota,c__Eurotiomycetes,o__Onygenales,f__Gymnoascaceae,NA
OTU735,k__Fungi,p__Ascomycota,c__Eurotiomycetes,o__Onygenales,f__Gymnoascaceae,NA
OTU736,k__Fungi,p__Chytridiomycota,c__Rhizophydiomycetes,o__Rhizophydiales,f__Halomycetaceae,NA
OTU737,k__Fungi,p__Ascomycota,c__Sordariomycetes,o__Microascales,f__Halosphaeriaceae,NA
OTU738,k__Fungi,p__Ascomycota,c__Sordariomycetes,o__Microascales,f__Halosphaeriaceae,NA
OTU739,k__Fungi,p__Basidiomycota,c__Pucciniomycetes,o__Helicobasidiales,f__Helicobasidiaceae,NA
OTU740,k__Fungi,p__Ascomycota,c__Leotiomycetes,o__Helotiales,f__Helotiaceae,NA
OTU741,k__Fungi,p__Ascomycota,c__Leotiomycetes,o__Helotiales,f__Helotiaceae,NA
OTU742,k__Fungi,p__Ascomycota,c__Eurotiomycetes,o__Chaetothyriales,f__Herpotrichiellaceae,NA
OTU743,k__Fungi,p__Ascomycota,c__Eurotiomycetes,o__Chaetothyriales,f__Herpotrichiellaceae,NA
OTU744,k__Fungi,p__Ascomycota,c__Leotiomycetes,o__Helotiales,f__Hyaloscyphaceae,NA
OTU745,k__Fungi,p__Ascomycota,c__Sordariomycetes,o__Hypocreales,f__Hypocreaceae,NA
OTU746,k__Fungi,p__Ascomycota,c__Sordariomycetes,o__Hypocreales,f__Hypocreaceae,NA
OTU747,k__Fungi,p__Ascomycota,c__Sordariomycetes,o__Hypocreales,f__Hypocreales_fam_Incertae_sedis,NA
OTU748,k__Fungi,p__Basidiomycota,c__Agaricomycetes,o__Agaricales,f__Inocybaceae,NA
OTU749,k__Fungi,p__Ascomycota,c__Sordariomycetes,o__Sordariales,f__Lasiosphaeriaceae,NA
OTU750,k__Fungi,p__Ascomycota,c__Dothideomycetes,o__Pleosporales,f__Lentitheciaceae,NA
OTU751,k__Fungi,p__Ascomycota,c__Dothideomycetes,o__Pleosporales,f__Leptosphaeriaceae,NA
OTU752,k__Fungi,p__Ascomycota,c__Dothideomycetes,o__Pleosporales,f__Leptosphaeriaceae,NA
OTU753,k__Fungi,p__Ascomycota,c__Dothideomycetes,o__Pleosporales,f__Lophiostomataceae,NA
OTU754,k__Fungi,p__Ascomycota,c__Sordariomycetes,o__Lulworthiales,f__Lulworthiaceae,NA
OTU755,k__Fungi,p__Basidiomycota,c__Agaricomycetes,o__Agaricales,f__Lycoperdaceae,NA
OTU756,k__Fungi,p__Ascomycota,c__Sordariomycetes,o__Magnaporthales,f__Magnaporthaceae,NA
OTU757,k__Fungi,p__Ascomycota,c__Sordariomycetes,o__Magnaporthales,f__Magnaporthaceae,NA
OTU758,k__Fungi,p__Basidiomycota,c__Malasseziomycetes,o__Malasseziales,f__Malasseziaceae,NA
OTU759,k__Fungi,p__Ascomycota,c__Dothideomycetes,o__Pleosporales,f__Melanommataceae,NA
OTU760,k__Fungi,p__Basidiomycota,c__Agaricomycetes,o__Polyporales,f__Meripilaceae,NA
OTU761,k__Fungi,p__Ascomycota,c__Sordariomycetes,o__Microascales,f__Microascaceae,NA
OTU762,k__Fungi,p__Ascomycota,c__Sordariomycetes,o__Microascales,f__Microascaceae,NA
OTU763,k__Fungi,p__Ascomycota,c__Dothideomycetes,o__Microthyriales,f__Microthyriales_fam_Incertae_sedis,NA
OTU764,k__Fungi,p__Mortierellomycota,c__Mortierellomycetes,o__Mortierellales,f__Mortierellaceae,NA
OTU765,k__Fungi,p__Mortierellomycota,c__Mortierellomycetes,o__Mortierellales,f__Mortierellaceae,NA
OTU766,k__Fungi,p__Mucoromycota,c__Mucoromycetes,o__Mucorales,f__Mucoraceae,NA
OTU767,k__Fungi,p__Ascomycota,c__Dothideomycetes,o__Muyocopronales,f__Muyocopronaceae,NA
OTU768,k__Fungi,p__Ascomycota,c__Leotiomycetes,o__Helotiales,f__Myxotrichaceae,NA
OTU769,k__Fungi,p__Ascomycota,c__Sordariomycetes,o__Hypocreales,f__Nectriaceae,NA
OTU770,k__Fungi,p__Ascomycota,c__Sordariomycetes,o__Hypocreales,f__Nectriaceae,NA
OTU771,k__Fungi,p__Olpidiomycota,c__Olpidiomycetes,o__Olpidiales,f__Olpidiaceae,NA
OTU772,k__Fungi,p__Ascomycota,c__Eurotiomycetes,o__Onygenales,f__Onygenaceae,NA
OTU773,k__Fungi,p__Ascomycota,c__Eurotiomycetes,o__Onygenales,f__Onygenaceae,NA
OTU774,k__Fungi,p__Ascomycota,c__Sordariomycetes,o__Hypocreales,f__Ophiocordycipitaceae,NA
OTU775,k__Fungi,p__Ascomycota,c__Sordariomycetes,o__Hypocreales,f__Ophiocordycipitaceae,NA
OTU776,k__Fungi,p__Ascomycota,c__Orbiliomycetes,o__Orbiliales,f__Orbiliaceae,NA
OTU777,k__Fungi,p__Ascomycota,c__Orbiliomycetes,o__Orbiliales,f__Orbiliaceae,NA
OTU778,k__Fungi,p__Ascomycota,c__Lecanoromycetes,o__Peltigerales,f__Pannariaceae,NA
OTU779,k__Fungi,p__Ascomycota,c__Lecanoromycetes,o__Peltigerales,f__Pannariaceae,NA
OTU780,k__Fungi,p__Ascomycota,c__Sordariomycetes,o__Parasympodiellales,f__Parasympodiellaceae,NA
OTU781,k__Fungi,p__Basidiomycota,c__Agaricomycetes,o__Russulales,f__Peniophoraceae,NA
OTU782,k__Fungi,p__Glomeromycota,c__Paraglomeromycetes,o__Paraglomerales,f__Pervetustaceae,NA
OTU783,k__Fungi,p__Ascomycota,c__Sordariomycetes,o__Amphisphaeriales,f__Pestalotiopsidaceae,NA
OTU784,k__Fungi,p__Ascomycota,c__Pezizomycetes,o__Pezizales,f__Pezizaceae,NA
OTU785,k__Fungi,p__Ascomycota,c__Pezizomycetes,o__Pezizales,f__Pezizales_fam_Incertae_sedis,NA
OTU786,k__Fungi,p__Ascomycota,c__Leotiomycetes,o__Phacidiales,f__Phacidiaceae,NA
OTU787,k__Fungi,p__Ascomycota,c__Dothideomycetes,o__Pleosporales,f__Phaeosphaeriaceae,NA
OTU788,k__Fungi,p__Ascomycota,c__Dothideomycetes,o__Pleosporales,f__Phaeosphaeriaceae,NA
OTU789,k__Fungi,p__Ascomycota,c__Sordariomycetes,o__Phomatosporales,f__Phomatosporaceae,NA
OTU790,k__Fungi,p__Ascomycota,c__Sordariomycetes,o__Glomerellales,f__Plectosphaerellaceae,NA
OTU791,k__Fungi,p__Ascomycota,c__Sordariomycetes,o__Glomerellales,f__Plectosphaerellaceae,NA
OTU792,k__Fungi,p__Ascomycota,c__Dothideomycetes,o__Pleosporales,f__Pleomassariaceae,NA
OTU793,k__Fungi,p__Ascomycota,c__Dothideomycetes,o__Pleosporales,f__Pleosporaceae,NA
OTU794,k__Fungi,p__Ascomycota,c__Dothideomycetes,o__Pleosporales,f__Pleosporales_fam_Incertae_sedis,NA
OTU795,k__Fungi,p__Ascomycota,c__Sordariomycetes,o__Sordariales,f__Podosporaceae,NA
OTU796,k__Fungi,p__Basidiomycota,c__Agaricomycetes,o__Polyporales,f__Polyporaceae,NA
OTU797,k__Fungi,p__Basidiomycota,c__Agaricomycetes,o__Agaricales,f__Psathyrellaceae,NA
OTU798,k__Fungi,p__Basidiomycota,c__Agaricomycetes,o__Agaricales,f__Psathyrellaceae,NA
OTU799,k__Fungi,p__Ascomycota,c__Leotiomycetes,o__Thelebolales,f__Pseudeurotiaceae,NA
OTU800,k__Fungi,p__Ascomycota,c__Pezizomycetes,o__Pezizales,f__Pyronemataceae,NA
OTU801,k__Fungi,p__Ascomycota,c__Pezizomycetes,o__Pezizales,f__Pyronemataceae,NA
OTU802,k__Fungi,p__Ascomycota,c__Dothideomycetes,o__Pleosporales,f__Roussoellaceae,NA
OTU803,k__Fungi,p__Ascomycota,c__Sordariomycetes,o__Savoryellales,f__Savoryellaceae,NA
OTU804,k__Fungi,p__Ascomycota,c__Sordariomycetes,o__Savoryellales,f__Savoryellaceae,NA
OTU805,k__Fungi,p__Basidiomycota,c__Agaricomycetes,o__Hymenochaetales,f__Schizoporaceae,NA
OTU806,k__Fungi,p__Basidiomycota,c__Agaricomycetes,o__Hymenochaetales,f__Schizoporaceae,NA
OTU807,k__Fungi,p__Ascomycota,c__Leotiomycetes,o__Helotiales,f__Sclerotiniaceae,NA
OTU808,k__Fungi,p__Basidiomycota,c__Agaricomycetes,o__Sebacinales,f__Serendipitaceae,NA
OTU809,k__Fungi,p__Basidiomycota,c__Agaricomycetes,o__Sebacinales,f__Serendipitaceae,NA
OTU810,k__Fungi,p__Ascomycota,c__Sordariomycetes,o__Sordariales,f__Sordariaceae,NA
OTU811,k__Fungi,p__Chytridiomycota,c__Spizellomycetes,o__Spizellomycetales,f__Spizellomycetaceae,NA
OTU812,k__Fungi,p__Chytridiomycota,c__Spizellomycetes,o__Spizellomycetales,f__Spizellomycetaceae,NA
OTU813,k__Fungi,p__Basidiomycota,c__Microbotryomycetes,o__Sporidiobolales,f__Sporidiobolaceae,NA
OTU814,k__Fungi,p__Ascomycota,c__Dothideomycetes,o__Pleosporales,f__Sporormiaceae,NA
OTU815,k__Fungi,p__Ascomycota,c__Sordariomycetes,o__Hypocreales,f__Stachybotriaceae,NA
OTU816,k__Fungi,p__Ascomycota,c__Sordariomycetes,o__Hypocreales,f__Stachybotryaceae,NA
OTU817,k__Fungi,p__Ascomycota,c__Sordariomycetes,o__Hypocreales,f__Stachybotryaceae,NA
OTU818,k__Fungi,p__Basidiomycota,c__Agaricomycetes,o__Agaricales,f__Stephanosporaceae,NA
OTU819,k__Fungi,p__Basidiomycota,c__Agaricomycetes,o__Agaricales,f__Stephanosporaceae,NA
OTU820,k__Fungi,p__Basidiomycota,c__Agaricomycetes,o__Agaricales,f__Strophariaceae,NA
OTU821,k__Fungi,p__Ascomycota,c__Dothideomycetes,o__Venturiales,f__Sympoventuriaceae,NA
OTU822,k__Fungi,p__Chytridiomycota,c__Synchytriomycetes,o__Synchytriales,f__Synchytriaceae,NA
OTU823,k__Fungi,p__Ascomycota,c__Dothideomycetes,o__Pleosporales,f__Teichosporaceae,NA
OTU824,k__Fungi,p__Ascomycota,c__Dothideomycetes,o__Pleosporales,f__Teichosporaceae,NA
OTU825,k__Fungi,p__Ascomycota,c__Leotiomycetes,o__Thelebolales,f__Thelebolaceae,NA
OTU826,k__Fungi,p__Basidiomycota,c__Agaricomycetes,o__Thelephorales,f__Thelephoraceae,NA
OTU827,k__Fungi,p__Basidiomycota,c__Agaricomycetes,o__Thelephorales,f__Thelephoraceae,NA
OTU828,k__Fungi,p__Ascomycota,c__Dothideomycetes,o__Pleosporales,f__Thyridariaceae,NA
OTU829,k__Fungi,p__Ascomycota,c__Eurotiomycetes,o__Chaetothyriales,f__Trichomeriaceae,NA
OTU830,k__Fungi,p__Ascomycota,c__Eurotiomycetes,o__Chaetothyriales,f__Trichomeriaceae,NA
OTU831,k__Fungi,p__Basidiomycota,c__Tremellomycetes,o__Trichosporonales,f__Trichosporonaceae,NA
OTU832,k__Fungi,p__Ascomycota,c__Dothideomycetes,o__Tubeufiales,f__Tubeufiaceae,NA
OTU833,k__Fungi,p__Basidiomycota,c__Agaricomycetes,o__Atheliales,f__Tylosporaceae,NA
OTU834,k__Fungi,p__Ascomycota,c__Leotiomycetes,o__Helotiales,f__Tympanidaceae,NA
OTU835,k__Fungi,p__Ascomycota,c__Laboulbeniomycetes,o__Pyxidiophorales,f__unidentified,NA
OTU836,k__Fungi,p__Basidiomycota,c__Atractiellomycetes,o__Atractiellales,f__unidentified,NA
OTU837,k__Fungi,p__Basidiomycota,c__Ustilaginomycetes,o__Ustilaginales,f__Ustilaginaceae,NA
OTU838,k__Fungi,p__Ascomycota,c__Sordariomycetes,o__Diaporthales,f__Valsaceae,NA
OTU839,k__Fungi,p__Ascomycota,c__Sordariomycetes,o__Xylariales,f__Xylariaceae,NA
OTU840,k__Fungi,p__Ascomycota,c__Sordariomycetes,o__Xylariales,f__Xylariaceae,NA
OTU841,k__Fungi,p__Basidiomycota,c__Agaricostilbomycetes,o__Agaricostilbales,o__Agaricostilbales,NA
OTU842,k__Fungi,p__Ascomycota,c__Sordariomycetes,o__Amphisphaeriales,o__Amphisphaeriales,NA
OTU843,k__Fungi,p__Basidiobolomycota,c__Basidiobolomycetes,o__Basidiobolales,o__Basidiobolales,NA
OTU844,k__Fungi,p__Blastocladiomycota,c__Blastocladiomycetes,o__Blastocladiales,o__Blastocladiales,NA
OTU845,k__Fungi,p__Rozellomycota,c__Rozellomycotina_cls_Incertae_sedis,o__Branch03,f__unidentified,NA
OTU846,k__Fungi,p__Ascomycota,c__Sordariomycetes,o__Branch06,o__Branch07,NA
OTU847,k__Fungi,p__Ascomycota,c__Eurotiomycetes,o__Chaetothyriales,f__unidentified,NA
OTU848,k__Fungi,p__Basidiomycota,c__Classiculomycetes,o__Classiculales,f__unidentified,NA
OTU849,k__Fungi,p__Basidiomycota,c__Tremellomycetes,o__Cystofilobasidiales,o__Cystofilobasidiales,NA
OTU850,k__Fungi,p__Ascomycota,c__Eurotiomycetes,o__Eurotiales,o__Eurotiales,NA
OTU851,k__Fungi,p__Basidiomycota,c__Agaricomycetes,o__Geastrales,o__Geastrales,NA
OTU852,k__Fungi,p__Rozellomycota,c__Rozellomycotina_cls_Incertae_sedis,o__GS05,f__unidentified,NA
OTU853,k__Fungi,p__Rozellomycota,c__Rozellomycotina_cls_Incertae_sedis,o__GS07,f__unidentified,NA
OTU854,k__Fungi,p__Rozellomycota,c__Rozellomycotina_cls_Incertae_sedis,o__GS08,f__unidentified,NA
OTU855,k__Fungi,p__Rozellomycota,c__Rozellomycotina_cls_Incertae_sedis,o__GS10,f__unidentified,NA
OTU856,k__Fungi,p__Rozellomycota,c__Rozellomycotina_cls_Incertae_sedis,o__GS11,o__GS12,NA
OTU857,k__Fungi,p__Aphelidiomycota,c__Aphelidiomycetes,o__GS16,f__unidentified,NA
OTU858,k__Fungi,p__Monoblepharomycota,c__Hyaloraphidiomycetes,o__Hyaloraphidiales,o__Hyaloraphidiales,NA
OTU859,k__Fungi,p__Kickxellomycota,c__Kickxellomycetes,o__Kickxellales,f__unidentified,NA
OTU860,k__Fungi,p__Chytridiomycota,c__Lobulomycetes,o__Lobulomycetales,f__unidentified,NA
OTU861,k__Fungi,p__Ascomycota,c__Sordariomycetes,o__Magnaporthales,o__Magnaporthales,NA
OTU862,k__Fungi,p__Ascomycota,c__Sordariomycetes,o__Microascales,o__Microascales,NA
OTU863,k__Fungi,p__Ascomycota,c__Dothideomycetes,o__Microthyriales,o__Microthyriales,NA
OTU864,k__Fungi,p__Monoblepharomycota,c__Monoblepharidomycetes,o__Monoblepharidales,o__Monoblepharidales,NA
OTU865,k__Fungi,p__Mortierellomycota,c__Mortierellomycetes,o__Mortierellales,o__Mortierellales,NA
OTU866,k__Fungi,p__Ascomycota,c__Dothideomycetes,o__Myriangiales,o__Myriangiales,NA
OTU867,k__Fungi,p__Ascomycota,c__Eurotiomycetes,o__Onygenales,o__Onygenales,NA
OTU868,k__Fungi,p__Ascomycota,c__Orbiliomycetes,o__Orbiliales,o__Orbiliales,NA
OTU869,k__Fungi,p__Ascomycota,c__Eurotiomycetes,o__Phaeomoniellales,o__Phaeomoniellales,NA
OTU870,k__Fungi,p__Ascomycota,c__Dothideomycetes,o__Pleosporales,f__unidentified,NA
OTU871,k__Fungi,p__Basidiomycota,c__Agaricomycetes,o__Polyporales,o__Polyporales,NA
OTU872,k__Fungi,p__Chytridiomycota,c__Rhizophlyctidomycetes,o__Rhizophlyctidales,o__Rhizophlyctidales,NA
OTU873,k__Fungi,p__Basidiomycota,c__Agaricomycetes,o__Sebacinales,o__Sebacinales,NA
OTU874,k__Fungi,p__Basidiomycota,c__Spiculogloeomycetes,o__Spiculogloeales,f__unidentified,NA
OTU875,k__Fungi,p__Chytridiomycota,c__Spizellomycetes,o__Spizellomycetales,f__unidentified,NA
OTU876,k__Fungi,p__Ascomycota,c__Leotiomycetes,o__Thelebolales,o__Thelebolales,NA
OTU877,k__Fungi,p__Basidiomycota,c__Tremellomycetes,o__Tremellales,o__Tremellales,NA
OTU878,k__Fungi,p__Basidiomycota,c__Agaricomycetes,o__Tremellodendropsidales,o__Tremellodendropsidales,NA
OTU879,k__Fungi,p__Ascomycota,c__Dothideomycetes,o__Tubeufiales,o__Tubeufiales,NA
OTU880,k__Fungi,p__Zoopagomycota,c__Zoopagomycetes,o__Zoopagales,o__Zoopagales,NA
OTU881,k__Fungi,p__Aphelidiomycota,c__unidentified,o__unidentified,f__unidentified,NA
